2026-07-30 02:47:10.301 | DEBUG    | llmcompressor.transformers.finetune.data.base:load_dataset:186 - Loading dataset Salesforce/wikitext
2026-07-30 02:47:12.133 | DEBUG    | llmcompressor.transformers.finetune.data.base:__call__:91 - Raw dataset: ['text', 'text', 'text']
2026-07-30 02:47:12.134 | DEBUG    | llmcompressor.transformers.finetune.data.base:__call__:107 - Dataset after column renaming: ['text', 'text', 'text']
2026-07-30 02:47:12.134 | DEBUG    | llmcompressor.transformers.finetune.data.base:filter_tokenizer_args:239 - Found processor args `{'text_pair', 'add_special_tokens', 'return_overflowing_tokens', 'return_attention_mask', 'text', 'verbose', 'return_length', 'pad_to_multiple_of', 'return_tensors', 'max_length', 'truncation', 'is_split_into_words', 'text_target', 'padding', 'return_special_tokens_mask', 'stride', 'text_pair_target', 'padding_side', 'return_offsets_mapping', 'return_token_type_ids'}`. Removing all other columns
2026-07-30 02:47:12.138 | DEBUG    | llmcompressor.transformers.finetune.data.base:__call__:114 - Tokenizer args after filtering: ['text', 'text', 'text']
2026-07-30 02:48:20.598 | DEBUG    | llmcompressor.transformers.finetune.data.base:__call__:128 - Model kwargs after tokenizing: ['input_ids', 'attention_mask', 'input_ids', 'attention_mask', 'input_ids', 'attention_mask']
2026-07-30 02:48:20.598 | DEBUG    | llmcompressor.transformers.finetune.data.base:__call__:158 - Model kwargs after postprocessing: ['input_ids', 'attention_mask', 'input_ids', 'attention_mask', 'input_ids', 'attention_mask']
2026-07-30 02:48:20.623 | DEBUG    | llmcompressor.core.lifecycle:reset:61 - Resetting compression lifecycle
2026-07-30 02:48:20.624 | INFO     | llmcompressor.core.lifecycle:reset:73 - Compression lifecycle reset
2026-07-30 02:48:20.625 | DEBUG    | llmcompressor.core.state:update:182 - Updating state with provided parameters: {'model': Qwen3ForCausalLM(
  (model): Qwen3Model(
    (embed_tokens): Embedding(151936, 1024)
    (layers): ModuleList(
      (0-27): 28 x Qwen3DecoderLayer(
        (self_attn): Qwen3Attention(
          (q_proj): Linear(in_features=1024, out_features=2048, bias=False)
          (k_proj): Linear(in_features=1024, out_features=1024, bias=False)
          (v_proj): Linear(in_features=1024, out_features=1024, bias=False)
          (o_proj): Linear(in_features=2048, out_features=1024, bias=False)
          (q_norm): Qwen3RMSNorm((128,), eps=1e-06)
          (k_norm): Qwen3RMSNorm((128,), eps=1e-06)
        )
        (mlp): Qwen3MLP(
          (gate_proj): Linear(in_features=1024, out_features=3072, bias=False)
          (up_proj): Linear(in_features=1024, out_features=3072, bias=False)
          (down_proj): Linear(in_features=3072, out_features=1024, bias=False)
          (act_fn): SiLU()
        )
        (input_layernorm): Qwen3RMSNorm((1024,), eps=1e-06)
        (post_attention_layernorm): Qwen3RMSNorm((1024,), eps=1e-06)
      )
    )
    (norm): Qwen3RMSNorm((1024,), eps=1e-06)
    (rotary_emb): Qwen3RotaryEmbedding()
  )
  (lm_head): Linear(in_features=1024, out_features=151936, bias=False)
), 'teacher_model': None, 'optimizer': None, 'attach_optim_callbacks': True, 'train_data': None, 'val_data': None, 'test_data': None, 'calib_data': <torch.utils.data.dataloader.DataLoader object at 0x723794feb110>, 'copy_data': True, 'start': -1, 'steps_per_epoch': None, 'batches_per_step': None, 'loggers': None, 'model_log_cadence': None, 'kwargs': {}}
2026-07-30 02:48:20.628 | DEBUG    | llmcompressor.core.lifecycle:initialize:94 - Initializing compression lifecycle
2026-07-30 02:48:20.628 | INFO     | llmcompressor.recipe.recipe:from_modifiers:59 - Creating recipe from modifiers
2026-07-30 02:48:20.768 | DEBUG    | llmcompressor.core.lifecycle:initialize:103 - Initialized modifier: modifiers=[GPTQModifier(config_groups=None, targets=['Linear'], ignore=['lm_head'], scheme='W4A16', kv_cache_scheme=None, index=0, group='default', start=None, end=None, update=None, initialized_=True, finalized_=False, started_=False, ended_=False, sequential_update=True, sequential_targets=None, block_size=128, dampening_frac=0.01, actorder=None, offload_hessians=False)] index=0 group='default' applied=False
2026-07-30 02:48:20.768 | INFO     | llmcompressor.core.lifecycle:initialize:108 - Compression lifecycle initialized for 1 modifiers
2026-07-30 02:48:20.770 | INFO     | llmcompressor.pipelines.independent.pipeline:IndependentPipeline:47 - Inferred `SequentialPipeline` for `GPTQModifier`
2026-07-30 02:48:20.774 | WARNING  | llmcompressor.pipelines.sequential.helpers:dispatch_for_sequential:531 - CUDA is not available! Compressing model on CPU instead
2026-07-30 02:48:20.810 | DEBUG    | llmcompressor.pipelines.sequential.ast_utils.auto_wrapper:_wrap_if_possible:183 - ---- Autowrapper ----
2026-07-30 02:48:20.811 | DEBUG    | llmcompressor.pipelines.sequential.ast_utils.auto_wrapper:_wrap_if_possible:184 - if labels is not None:
    loss = self.loss_function(logits=logits, labels=labels, vocab_size=self.config.vocab_size, **kwargs)
2026-07-30 02:48:20.811 | DEBUG    | llmcompressor.pipelines.sequential.ast_utils.auto_wrapper:_wrap_if_possible:185 - ---------------------
2026-07-30 02:48:20.817 | DEBUG    | llmcompressor.pipelines.sequential.ast_utils.auto_wrapper:_wrap_if_possible:183 - ---- Autowrapper ----
2026-07-30 02:48:20.817 | DEBUG    | llmcompressor.pipelines.sequential.ast_utils.auto_wrapper:_wrap_if_possible:184 - if (input_ids is None) ^ (inputs_embeds is not None):
    raise ValueError('You must specify exactly one of input_ids or inputs_embeds')
2026-07-30 02:48:20.818 | DEBUG    | llmcompressor.pipelines.sequential.ast_utils.auto_wrapper:_wrap_if_possible:185 - ---------------------
2026-07-30 02:48:20.818 | DEBUG    | llmcompressor.pipelines.sequential.ast_utils.auto_wrapper:_wrap_if_possible:183 - ---- Autowrapper ----
2026-07-30 02:48:20.818 | DEBUG    | llmcompressor.pipelines.sequential.ast_utils.auto_wrapper:_wrap_if_possible:184 - if not isinstance(past_key_values, (type(None), Cache)):
    raise ValueError('The `past_key_values` should be either a `Cache` object or `None`.')
2026-07-30 02:48:20.818 | DEBUG    | llmcompressor.pipelines.sequential.ast_utils.auto_wrapper:_wrap_if_possible:185 - ---------------------
2026-07-30 02:48:20.819 | DEBUG    | llmcompressor.pipelines.sequential.ast_utils.auto_wrapper:_wrap_if_possible:183 - ---- Autowrapper ----
2026-07-30 02:48:20.819 | DEBUG    | llmcompressor.pipelines.sequential.ast_utils.auto_wrapper:_wrap_if_possible:184 - if inputs_embeds is None:
    inputs_embeds = self.embed_tokens(input_ids)
2026-07-30 02:48:20.819 | DEBUG    | llmcompressor.pipelines.sequential.ast_utils.auto_wrapper:_wrap_if_possible:185 - ---------------------
2026-07-30 02:48:20.819 | DEBUG    | llmcompressor.pipelines.sequential.ast_utils.auto_wrapper:_wrap_if_possible:183 - ---- Autowrapper ----
2026-07-30 02:48:20.819 | DEBUG    | llmcompressor.pipelines.sequential.ast_utils.auto_wrapper:_wrap_if_possible:184 - if use_cache and past_key_values is None:
    past_key_values = DynamicCache()
2026-07-30 02:48:20.819 | DEBUG    | llmcompressor.pipelines.sequential.ast_utils.auto_wrapper:_wrap_if_possible:185 - ---------------------
2026-07-30 02:48:20.819 | DEBUG    | llmcompressor.pipelines.sequential.ast_utils.auto_wrapper:_wrap_if_possible:183 - ---- Autowrapper ----
2026-07-30 02:48:20.820 | DEBUG    | llmcompressor.pipelines.sequential.ast_utils.auto_wrapper:_wrap_if_possible:184 - if cache_position is None:
    past_seen_tokens = past_key_values.get_seq_length() if past_key_values is not None else 0
    cache_position = torch.arange(past_seen_tokens, past_seen_tokens + inputs_embeds.shape[1], device=inputs_embeds.device)
2026-07-30 02:48:20.820 | DEBUG    | llmcompressor.pipelines.sequential.ast_utils.auto_wrapper:_wrap_if_possible:185 - ---------------------
2026-07-30 02:48:20.820 | DEBUG    | llmcompressor.pipelines.sequential.ast_utils.auto_wrapper:_wrap_if_possible:183 - ---- Autowrapper ----
2026-07-30 02:48:20.820 | DEBUG    | llmcompressor.pipelines.sequential.ast_utils.auto_wrapper:_wrap_if_possible:184 - if position_ids is None:
    position_ids = cache_position.unsqueeze(0)
2026-07-30 02:48:20.820 | DEBUG    | llmcompressor.pipelines.sequential.ast_utils.auto_wrapper:_wrap_if_possible:185 - ---------------------
2026-07-30 02:48:20.820 | DEBUG    | llmcompressor.pipelines.sequential.ast_utils.auto_wrapper:_wrap_if_possible:189 - ---- Autowrapper ----
2026-07-30 02:48:20.820 | DEBUG    | llmcompressor.pipelines.sequential.ast_utils.auto_wrapper:_wrap_if_possible:190 - self._update_causal_mask(attention_mask, inputs_embeds, cache_position, past_key_values, output_attentions)
2026-07-30 02:48:20.821 | DEBUG    | llmcompressor.pipelines.sequential.ast_utils.auto_wrapper:_wrap_if_possible:191 - ---------------------
2026-07-30 02:48:20.821 | DEBUG    | llmcompressor.pipelines.sequential.ast_utils.auto_wrapper:_wrap_if_possible:183 - ---- Autowrapper ----
2026-07-30 02:48:20.821 | DEBUG    | llmcompressor.pipelines.sequential.ast_utils.auto_wrapper:_wrap_if_possible:184 - if output_hidden_states:
    all_hidden_states += (hidden_states,)
2026-07-30 02:48:20.821 | DEBUG    | llmcompressor.pipelines.sequential.ast_utils.auto_wrapper:_wrap_if_possible:185 - ---------------------
2026-07-30 02:48:20.821 | DEBUG    | llmcompressor.pipelines.sequential.ast_utils.auto_wrapper:_wrap_if_possible:183 - ---- Autowrapper ----
2026-07-30 02:48:20.821 | DEBUG    | llmcompressor.pipelines.sequential.ast_utils.auto_wrapper:_wrap_if_possible:184 - if output_attentions:
    all_self_attns += (layer_outputs[1],)
2026-07-30 02:48:20.821 | DEBUG    | llmcompressor.pipelines.sequential.ast_utils.auto_wrapper:_wrap_if_possible:185 - ---------------------
2026-07-30 02:48:20.822 | DEBUG    | llmcompressor.pipelines.sequential.ast_utils.auto_wrapper:_wrap_if_possible:183 - ---- Autowrapper ----
2026-07-30 02:48:20.822 | DEBUG    | llmcompressor.pipelines.sequential.ast_utils.auto_wrapper:_wrap_if_possible:184 - if output_hidden_states:
    all_hidden_states += (hidden_states,)
2026-07-30 02:48:20.822 | DEBUG    | llmcompressor.pipelines.sequential.ast_utils.auto_wrapper:_wrap_if_possible:185 - ---------------------
2026-07-30 02:48:20.942 | DEBUG    | llmcompressor.core.lifecycle:event:191 - Handling event: EventType.CALIBRATION_EPOCH_START
2026-07-30 02:48:20.953 | DEBUG    | llmcompressor.modifiers.utils.hooks:register_hook:98 - config_groups=None targets=['Linear'] ignore=['lm_head'] scheme='W4A16' kv_cache_scheme=None index=0 group='default' start=None end=None update=None initialized_=True finalized_=False started_=True ended_=False sequential_update=True sequential_targets=None block_size=128 dampening_frac=0.01 actorder=None offload_hessians=False added <torch.utils.hooks.RemovableHandle object at 0x7237940c9c10>
2026-07-30 02:48:20.953 | DEBUG    | llmcompressor.modifiers.utils.hooks:register_hook:98 - config_groups=None targets=['Linear'] ignore=['lm_head'] scheme='W4A16' kv_cache_scheme=None index=0 group='default' start=None end=None update=None initialized_=True finalized_=False started_=True ended_=False sequential_update=True sequential_targets=None block_size=128 dampening_frac=0.01 actorder=None offload_hessians=False added <torch.utils.hooks.RemovableHandle object at 0x7237940d1b80>
2026-07-30 02:48:20.953 | DEBUG    | llmcompressor.modifiers.utils.hooks:register_hook:98 - config_groups=None targets=['Linear'] ignore=['lm_head'] scheme='W4A16' kv_cache_scheme=None index=0 group='default' start=None end=None update=None initialized_=True finalized_=False started_=True ended_=False sequential_update=True sequential_targets=None block_size=128 dampening_frac=0.01 actorder=None offload_hessians=False added <torch.utils.hooks.RemovableHandle object at 0x72375116d820>
2026-07-30 02:48:20.953 | DEBUG    | llmcompressor.modifiers.utils.hooks:register_hook:98 - config_groups=None targets=['Linear'] ignore=['lm_head'] scheme='W4A16' kv_cache_scheme=None index=0 group='default' start=None end=None update=None initialized_=True finalized_=False started_=True ended_=False sequential_update=True sequential_targets=None block_size=128 dampening_frac=0.01 actorder=None offload_hessians=False added <torch.utils.hooks.RemovableHandle object at 0x72375116d8b0>
2026-07-30 02:48:20.954 | DEBUG    | llmcompressor.modifiers.utils.hooks:register_hook:98 - config_groups=None targets=['Linear'] ignore=['lm_head'] scheme='W4A16' kv_cache_scheme=None index=0 group='default' start=None end=None update=None initialized_=True finalized_=False started_=True ended_=False sequential_update=True sequential_targets=None block_size=128 dampening_frac=0.01 actorder=None offload_hessians=False added <torch.utils.hooks.RemovableHandle object at 0x72375116d970>
2026-07-30 02:48:20.954 | DEBUG    | llmcompressor.modifiers.utils.hooks:register_hook:98 - config_groups=None targets=['Linear'] ignore=['lm_head'] scheme='W4A16' kv_cache_scheme=None index=0 group='default' start=None end=None update=None initialized_=True finalized_=False started_=True ended_=False sequential_update=True sequential_targets=None block_size=128 dampening_frac=0.01 actorder=None offload_hessians=False added <torch.utils.hooks.RemovableHandle object at 0x72375116d910>
2026-07-30 02:48:20.954 | DEBUG    | llmcompressor.modifiers.utils.hooks:register_hook:98 - config_groups=None targets=['Linear'] ignore=['lm_head'] scheme='W4A16' kv_cache_scheme=None index=0 group='default' start=None end=None update=None initialized_=True finalized_=False started_=True ended_=False sequential_update=True sequential_targets=None block_size=128 dampening_frac=0.01 actorder=None offload_hessians=False added <torch.utils.hooks.RemovableHandle object at 0x72375116da60>
2026-07-30 02:48:20.954 | DEBUG    | llmcompressor.modifiers.utils.hooks:register_hook:98 - config_groups=None targets=['Linear'] ignore=['lm_head'] scheme='W4A16' kv_cache_scheme=None index=0 group='default' start=None end=None update=None initialized_=True finalized_=False started_=True ended_=False sequential_update=True sequential_targets=None block_size=128 dampening_frac=0.01 actorder=None offload_hessians=False added <torch.utils.hooks.RemovableHandle object at 0x72375116daf0>
2026-07-30 02:48:20.954 | DEBUG    | llmcompressor.modifiers.utils.hooks:register_hook:98 - config_groups=None targets=['Linear'] ignore=['lm_head'] scheme='W4A16' kv_cache_scheme=None index=0 group='default' start=None end=None update=None initialized_=True finalized_=False started_=True ended_=False sequential_update=True sequential_targets=None block_size=128 dampening_frac=0.01 actorder=None offload_hessians=False added <torch.utils.hooks.RemovableHandle object at 0x72375116dbe0>
2026-07-30 02:48:20.954 | DEBUG    | llmcompressor.modifiers.utils.hooks:register_hook:98 - config_groups=None targets=['Linear'] ignore=['lm_head'] scheme='W4A16' kv_cache_scheme=None index=0 group='default' start=None end=None update=None initialized_=True finalized_=False started_=True ended_=False sequential_update=True sequential_targets=None block_size=128 dampening_frac=0.01 actorder=None offload_hessians=False added <torch.utils.hooks.RemovableHandle object at 0x72375116dc40>
2026-07-30 02:48:20.954 | DEBUG    | llmcompressor.modifiers.utils.hooks:register_hook:98 - config_groups=None targets=['Linear'] ignore=['lm_head'] scheme='W4A16' kv_cache_scheme=None index=0 group='default' start=None end=None update=None initialized_=True finalized_=False started_=True ended_=False sequential_update=True sequential_targets=None block_size=128 dampening_frac=0.01 actorder=None offload_hessians=False added <torch.utils.hooks.RemovableHandle object at 0x72375116da90>
2026-07-30 02:48:20.954 | DEBUG    | llmcompressor.modifiers.utils.hooks:register_hook:98 - config_groups=None targets=['Linear'] ignore=['lm_head'] scheme='W4A16' kv_cache_scheme=None index=0 group='default' start=None end=None update=None initialized_=True finalized_=False started_=True ended_=False sequential_update=True sequential_targets=None block_size=128 dampening_frac=0.01 actorder=None offload_hessians=False added <torch.utils.hooks.RemovableHandle object at 0x72375116dd30>
2026-07-30 02:48:20.955 | DEBUG    | llmcompressor.modifiers.utils.hooks:register_hook:98 - config_groups=None targets=['Linear'] ignore=['lm_head'] scheme='W4A16' kv_cache_scheme=None index=0 group='default' start=None end=None update=None initialized_=True finalized_=False started_=True ended_=False sequential_update=True sequential_targets=None block_size=128 dampening_frac=0.01 actorder=None offload_hessians=False added <torch.utils.hooks.RemovableHandle object at 0x72375116ddf0>
2026-07-30 02:48:20.955 | DEBUG    | llmcompressor.modifiers.utils.hooks:register_hook:98 - config_groups=None targets=['Linear'] ignore=['lm_head'] scheme='W4A16' kv_cache_scheme=None index=0 group='default' start=None end=None update=None initialized_=True finalized_=False started_=True ended_=False sequential_update=True sequential_targets=None block_size=128 dampening_frac=0.01 actorder=None offload_hessians=False added <torch.utils.hooks.RemovableHandle object at 0x72375116de50>
2026-07-30 02:48:20.955 | DEBUG    | llmcompressor.modifiers.utils.hooks:register_hook:98 - config_groups=None targets=['Linear'] ignore=['lm_head'] scheme='W4A16' kv_cache_scheme=None index=0 group='default' start=None end=None update=None initialized_=True finalized_=False started_=True ended_=False sequential_update=True sequential_targets=None block_size=128 dampening_frac=0.01 actorder=None offload_hessians=False added <torch.utils.hooks.RemovableHandle object at 0x72375116df40>
2026-07-30 02:48:20.955 | DEBUG    | llmcompressor.modifiers.utils.hooks:register_hook:98 - config_groups=None targets=['Linear'] ignore=['lm_head'] scheme='W4A16' kv_cache_scheme=None index=0 group='default' start=None end=None update=None initialized_=True finalized_=False started_=True ended_=False sequential_update=True sequential_targets=None block_size=128 dampening_frac=0.01 actorder=None offload_hessians=False added <torch.utils.hooks.RemovableHandle object at 0x72375116dfa0>
2026-07-30 02:48:20.955 | DEBUG    | llmcompressor.modifiers.utils.hooks:register_hook:98 - config_groups=None targets=['Linear'] ignore=['lm_head'] scheme='W4A16' kv_cache_scheme=None index=0 group='default' start=None end=None update=None initialized_=True finalized_=False started_=True ended_=False sequential_update=True sequential_targets=None block_size=128 dampening_frac=0.01 actorder=None offload_hessians=False added <torch.utils.hooks.RemovableHandle object at 0x72375116db80>
2026-07-30 02:48:20.955 | DEBUG    | llmcompressor.modifiers.utils.hooks:register_hook:98 - config_groups=None targets=['Linear'] ignore=['lm_head'] scheme='W4A16' kv_cache_scheme=None index=0 group='default' start=None end=None update=None initialized_=True finalized_=False started_=True ended_=False sequential_update=True sequential_targets=None block_size=128 dampening_frac=0.01 actorder=None offload_hessians=False added <torch.utils.hooks.RemovableHandle object at 0x72379408a9f0>
2026-07-30 02:48:20.955 | DEBUG    | llmcompressor.modifiers.utils.hooks:register_hook:98 - config_groups=None targets=['Linear'] ignore=['lm_head'] scheme='W4A16' kv_cache_scheme=None index=0 group='default' start=None end=None update=None initialized_=True finalized_=False started_=True ended_=False sequential_update=True sequential_targets=None block_size=128 dampening_frac=0.01 actorder=None offload_hessians=False added <torch.utils.hooks.RemovableHandle object at 0x72375116e090>
2026-07-30 02:48:20.955 | DEBUG    | llmcompressor.modifiers.utils.hooks:register_hook:98 - config_groups=None targets=['Linear'] ignore=['lm_head'] scheme='W4A16' kv_cache_scheme=None index=0 group='default' start=None end=None update=None initialized_=True finalized_=False started_=True ended_=False sequential_update=True sequential_targets=None block_size=128 dampening_frac=0.01 actorder=None offload_hessians=False added <torch.utils.hooks.RemovableHandle object at 0x7237940c9580>
2026-07-30 02:48:20.956 | DEBUG    | llmcompressor.modifiers.utils.hooks:register_hook:98 - config_groups=None targets=['Linear'] ignore=['lm_head'] scheme='W4A16' kv_cache_scheme=None index=0 group='default' start=None end=None update=None initialized_=True finalized_=False started_=True ended_=False sequential_update=True sequential_targets=None block_size=128 dampening_frac=0.01 actorder=None offload_hessians=False added <torch.utils.hooks.RemovableHandle object at 0x72375116e1e0>
2026-07-30 02:48:20.956 | DEBUG    | llmcompressor.modifiers.utils.hooks:register_hook:98 - config_groups=None targets=['Linear'] ignore=['lm_head'] scheme='W4A16' kv_cache_scheme=None index=0 group='default' start=None end=None update=None initialized_=True finalized_=False started_=True ended_=False sequential_update=True sequential_targets=None block_size=128 dampening_frac=0.01 actorder=None offload_hessians=False added <torch.utils.hooks.RemovableHandle object at 0x72375116e1b0>
2026-07-30 02:48:20.956 | DEBUG    | llmcompressor.modifiers.utils.hooks:register_hook:98 - config_groups=None targets=['Linear'] ignore=['lm_head'] scheme='W4A16' kv_cache_scheme=None index=0 group='default' start=None end=None update=None initialized_=True finalized_=False started_=True ended_=False sequential_update=True sequential_targets=None block_size=128 dampening_frac=0.01 actorder=None offload_hessians=False added <torch.utils.hooks.RemovableHandle object at 0x72375116e270>
2026-07-30 02:48:20.956 | DEBUG    | llmcompressor.modifiers.utils.hooks:register_hook:98 - config_groups=None targets=['Linear'] ignore=['lm_head'] scheme='W4A16' kv_cache_scheme=None index=0 group='default' start=None end=None update=None initialized_=True finalized_=False started_=True ended_=False sequential_update=True sequential_targets=None block_size=128 dampening_frac=0.01 actorder=None offload_hessians=False added <torch.utils.hooks.RemovableHandle object at 0x723794088cb0>
2026-07-30 02:48:20.956 | DEBUG    | llmcompressor.modifiers.utils.hooks:register_hook:98 - config_groups=None targets=['Linear'] ignore=['lm_head'] scheme='W4A16' kv_cache_scheme=None index=0 group='default' start=None end=None update=None initialized_=True finalized_=False started_=True ended_=False sequential_update=True sequential_targets=None block_size=128 dampening_frac=0.01 actorder=None offload_hessians=False added <torch.utils.hooks.RemovableHandle object at 0x72375116e330>
2026-07-30 02:48:20.956 | DEBUG    | llmcompressor.modifiers.utils.hooks:register_hook:98 - config_groups=None targets=['Linear'] ignore=['lm_head'] scheme='W4A16' kv_cache_scheme=None index=0 group='default' start=None end=None update=None initialized_=True finalized_=False started_=True ended_=False sequential_update=True sequential_targets=None block_size=128 dampening_frac=0.01 actorder=None offload_hessians=False added <torch.utils.hooks.RemovableHandle object at 0x723794089070>
2026-07-30 02:48:20.956 | DEBUG    | llmcompressor.modifiers.utils.hooks:register_hook:98 - config_groups=None targets=['Linear'] ignore=['lm_head'] scheme='W4A16' kv_cache_scheme=None index=0 group='default' start=None end=None update=None initialized_=True finalized_=False started_=True ended_=False sequential_update=True sequential_targets=None block_size=128 dampening_frac=0.01 actorder=None offload_hessians=False added <torch.utils.hooks.RemovableHandle object at 0x72375116e4e0>
2026-07-30 02:48:20.957 | DEBUG    | llmcompressor.modifiers.utils.hooks:register_hook:98 - config_groups=None targets=['Linear'] ignore=['lm_head'] scheme='W4A16' kv_cache_scheme=None index=0 group='default' start=None end=None update=None initialized_=True finalized_=False started_=True ended_=False sequential_update=True sequential_targets=None block_size=128 dampening_frac=0.01 actorder=None offload_hessians=False added <torch.utils.hooks.RemovableHandle object at 0x72375116e5d0>
2026-07-30 02:48:20.957 | DEBUG    | llmcompressor.modifiers.utils.hooks:register_hook:98 - config_groups=None targets=['Linear'] ignore=['lm_head'] scheme='W4A16' kv_cache_scheme=None index=0 group='default' start=None end=None update=None initialized_=True finalized_=False started_=True ended_=False sequential_update=True sequential_targets=None block_size=128 dampening_frac=0.01 actorder=None offload_hessians=False added <torch.utils.hooks.RemovableHandle object at 0x72375116e630>
2026-07-30 02:48:20.957 | DEBUG    | llmcompressor.modifiers.utils.hooks:register_hook:98 - config_groups=None targets=['Linear'] ignore=['lm_head'] scheme='W4A16' kv_cache_scheme=None index=0 group='default' start=None end=None update=None initialized_=True finalized_=False started_=True ended_=False sequential_update=True sequential_targets=None block_size=128 dampening_frac=0.01 actorder=None offload_hessians=False added <torch.utils.hooks.RemovableHandle object at 0x72375116e300>
2026-07-30 02:48:20.957 | DEBUG    | llmcompressor.modifiers.utils.hooks:register_hook:98 - config_groups=None targets=['Linear'] ignore=['lm_head'] scheme='W4A16' kv_cache_scheme=None index=0 group='default' start=None end=None update=None initialized_=True finalized_=False started_=True ended_=False sequential_update=True sequential_targets=None block_size=128 dampening_frac=0.01 actorder=None offload_hessians=False added <torch.utils.hooks.RemovableHandle object at 0x72375116e780>
2026-07-30 02:48:20.957 | DEBUG    | llmcompressor.modifiers.utils.hooks:register_hook:98 - config_groups=None targets=['Linear'] ignore=['lm_head'] scheme='W4A16' kv_cache_scheme=None index=0 group='default' start=None end=None update=None initialized_=True finalized_=False started_=True ended_=False sequential_update=True sequential_targets=None block_size=128 dampening_frac=0.01 actorder=None offload_hessians=False added <torch.utils.hooks.RemovableHandle object at 0x72375116e690>
2026-07-30 02:48:20.957 | DEBUG    | llmcompressor.modifiers.utils.hooks:register_hook:98 - config_groups=None targets=['Linear'] ignore=['lm_head'] scheme='W4A16' kv_cache_scheme=None index=0 group='default' start=None end=None update=None initialized_=True finalized_=False started_=True ended_=False sequential_update=True sequential_targets=None block_size=128 dampening_frac=0.01 actorder=None offload_hessians=False added <torch.utils.hooks.RemovableHandle object at 0x72375116e930>
2026-07-30 02:48:20.957 | DEBUG    | llmcompressor.modifiers.utils.hooks:register_hook:98 - config_groups=None targets=['Linear'] ignore=['lm_head'] scheme='W4A16' kv_cache_scheme=None index=0 group='default' start=None end=None update=None initialized_=True finalized_=False started_=True ended_=False sequential_update=True sequential_targets=None block_size=128 dampening_frac=0.01 actorder=None offload_hessians=False added <torch.utils.hooks.RemovableHandle object at 0x72375116e9c0>
2026-07-30 02:48:20.957 | DEBUG    | llmcompressor.modifiers.utils.hooks:register_hook:98 - config_groups=None targets=['Linear'] ignore=['lm_head'] scheme='W4A16' kv_cache_scheme=None index=0 group='default' start=None end=None update=None initialized_=True finalized_=False started_=True ended_=False sequential_update=True sequential_targets=None block_size=128 dampening_frac=0.01 actorder=None offload_hessians=False added <torch.utils.hooks.RemovableHandle object at 0x72375116eab0>
2026-07-30 02:48:20.957 | DEBUG    | llmcompressor.modifiers.utils.hooks:register_hook:98 - config_groups=None targets=['Linear'] ignore=['lm_head'] scheme='W4A16' kv_cache_scheme=None index=0 group='default' start=None end=None update=None initialized_=True finalized_=False started_=True ended_=False sequential_update=True sequential_targets=None block_size=128 dampening_frac=0.01 actorder=None offload_hessians=False added <torch.utils.hooks.RemovableHandle object at 0x72375116eba0>
2026-07-30 02:48:20.958 | DEBUG    | llmcompressor.modifiers.utils.hooks:register_hook:98 - config_groups=None targets=['Linear'] ignore=['lm_head'] scheme='W4A16' kv_cache_scheme=None index=0 group='default' start=None end=None update=None initialized_=True finalized_=False started_=True ended_=False sequential_update=True sequential_targets=None block_size=128 dampening_frac=0.01 actorder=None offload_hessians=False added <torch.utils.hooks.RemovableHandle object at 0x7237940d1670>
2026-07-30 02:48:20.958 | DEBUG    | llmcompressor.modifiers.utils.hooks:register_hook:98 - config_groups=None targets=['Linear'] ignore=['lm_head'] scheme='W4A16' kv_cache_scheme=None index=0 group='default' start=None end=None update=None initialized_=True finalized_=False started_=True ended_=False sequential_update=True sequential_targets=None block_size=128 dampening_frac=0.01 actorder=None offload_hessians=False added <torch.utils.hooks.RemovableHandle object at 0x72375116ed20>
2026-07-30 02:48:20.958 | DEBUG    | llmcompressor.modifiers.utils.hooks:register_hook:98 - config_groups=None targets=['Linear'] ignore=['lm_head'] scheme='W4A16' kv_cache_scheme=None index=0 group='default' start=None end=None update=None initialized_=True finalized_=False started_=True ended_=False sequential_update=True sequential_targets=None block_size=128 dampening_frac=0.01 actorder=None offload_hessians=False added <torch.utils.hooks.RemovableHandle object at 0x72375116ede0>
2026-07-30 02:48:20.958 | DEBUG    | llmcompressor.modifiers.utils.hooks:register_hook:98 - config_groups=None targets=['Linear'] ignore=['lm_head'] scheme='W4A16' kv_cache_scheme=None index=0 group='default' start=None end=None update=None initialized_=True finalized_=False started_=True ended_=False sequential_update=True sequential_targets=None block_size=128 dampening_frac=0.01 actorder=None offload_hessians=False added <torch.utils.hooks.RemovableHandle object at 0x72375116eed0>
2026-07-30 02:48:20.958 | DEBUG    | llmcompressor.modifiers.utils.hooks:register_hook:98 - config_groups=None targets=['Linear'] ignore=['lm_head'] scheme='W4A16' kv_cache_scheme=None index=0 group='default' start=None end=None update=None initialized_=True finalized_=False started_=True ended_=False sequential_update=True sequential_targets=None block_size=128 dampening_frac=0.01 actorder=None offload_hessians=False added <torch.utils.hooks.RemovableHandle object at 0x72375116eff0>
2026-07-30 02:48:20.958 | DEBUG    | llmcompressor.modifiers.utils.hooks:register_hook:98 - config_groups=None targets=['Linear'] ignore=['lm_head'] scheme='W4A16' kv_cache_scheme=None index=0 group='default' start=None end=None update=None initialized_=True finalized_=False started_=True ended_=False sequential_update=True sequential_targets=None block_size=128 dampening_frac=0.01 actorder=None offload_hessians=False added <torch.utils.hooks.RemovableHandle object at 0x72375116f0b0>
2026-07-30 02:48:20.958 | DEBUG    | llmcompressor.modifiers.utils.hooks:register_hook:98 - config_groups=None targets=['Linear'] ignore=['lm_head'] scheme='W4A16' kv_cache_scheme=None index=0 group='default' start=None end=None update=None initialized_=True finalized_=False started_=True ended_=False sequential_update=True sequential_targets=None block_size=128 dampening_frac=0.01 actorder=None offload_hessians=False added <torch.utils.hooks.RemovableHandle object at 0x72375116f140>
2026-07-30 02:48:20.959 | DEBUG    | llmcompressor.modifiers.utils.hooks:register_hook:98 - config_groups=None targets=['Linear'] ignore=['lm_head'] scheme='W4A16' kv_cache_scheme=None index=0 group='default' start=None end=None update=None initialized_=True finalized_=False started_=True ended_=False sequential_update=True sequential_targets=None block_size=128 dampening_frac=0.01 actorder=None offload_hessians=False added <torch.utils.hooks.RemovableHandle object at 0x72375116f260>
2026-07-30 02:48:20.959 | DEBUG    | llmcompressor.modifiers.utils.hooks:register_hook:98 - config_groups=None targets=['Linear'] ignore=['lm_head'] scheme='W4A16' kv_cache_scheme=None index=0 group='default' start=None end=None update=None initialized_=True finalized_=False started_=True ended_=False sequential_update=True sequential_targets=None block_size=128 dampening_frac=0.01 actorder=None offload_hessians=False added <torch.utils.hooks.RemovableHandle object at 0x72375116f2f0>
2026-07-30 02:48:20.959 | DEBUG    | llmcompressor.modifiers.utils.hooks:register_hook:98 - config_groups=None targets=['Linear'] ignore=['lm_head'] scheme='W4A16' kv_cache_scheme=None index=0 group='default' start=None end=None update=None initialized_=True finalized_=False started_=True ended_=False sequential_update=True sequential_targets=None block_size=128 dampening_frac=0.01 actorder=None offload_hessians=False added <torch.utils.hooks.RemovableHandle object at 0x72375116f3e0>
2026-07-30 02:48:20.959 | DEBUG    | llmcompressor.modifiers.utils.hooks:register_hook:98 - config_groups=None targets=['Linear'] ignore=['lm_head'] scheme='W4A16' kv_cache_scheme=None index=0 group='default' start=None end=None update=None initialized_=True finalized_=False started_=True ended_=False sequential_update=True sequential_targets=None block_size=128 dampening_frac=0.01 actorder=None offload_hessians=False added <torch.utils.hooks.RemovableHandle object at 0x72375116f4d0>
2026-07-30 02:48:20.959 | DEBUG    | llmcompressor.modifiers.utils.hooks:register_hook:98 - config_groups=None targets=['Linear'] ignore=['lm_head'] scheme='W4A16' kv_cache_scheme=None index=0 group='default' start=None end=None update=None initialized_=True finalized_=False started_=True ended_=False sequential_update=True sequential_targets=None block_size=128 dampening_frac=0.01 actorder=None offload_hessians=False added <torch.utils.hooks.RemovableHandle object at 0x7237940894c0>
2026-07-30 02:48:20.959 | DEBUG    | llmcompressor.modifiers.utils.hooks:register_hook:98 - config_groups=None targets=['Linear'] ignore=['lm_head'] scheme='W4A16' kv_cache_scheme=None index=0 group='default' start=None end=None update=None initialized_=True finalized_=False started_=True ended_=False sequential_update=True sequential_targets=None block_size=128 dampening_frac=0.01 actorder=None offload_hessians=False added <torch.utils.hooks.RemovableHandle object at 0x7237940d2c00>
2026-07-30 02:48:20.959 | DEBUG    | llmcompressor.modifiers.utils.hooks:register_hook:98 - config_groups=None targets=['Linear'] ignore=['lm_head'] scheme='W4A16' kv_cache_scheme=None index=0 group='default' start=None end=None update=None initialized_=True finalized_=False started_=True ended_=False sequential_update=True sequential_targets=None block_size=128 dampening_frac=0.01 actorder=None offload_hessians=False added <torch.utils.hooks.RemovableHandle object at 0x72375116f6e0>
2026-07-30 02:48:20.959 | DEBUG    | llmcompressor.modifiers.utils.hooks:register_hook:98 - config_groups=None targets=['Linear'] ignore=['lm_head'] scheme='W4A16' kv_cache_scheme=None index=0 group='default' start=None end=None update=None initialized_=True finalized_=False started_=True ended_=False sequential_update=True sequential_targets=None block_size=128 dampening_frac=0.01 actorder=None offload_hessians=False added <torch.utils.hooks.RemovableHandle object at 0x72375116f7d0>
2026-07-30 02:48:20.960 | DEBUG    | llmcompressor.modifiers.utils.hooks:register_hook:98 - config_groups=None targets=['Linear'] ignore=['lm_head'] scheme='W4A16' kv_cache_scheme=None index=0 group='default' start=None end=None update=None initialized_=True finalized_=False started_=True ended_=False sequential_update=True sequential_targets=None block_size=128 dampening_frac=0.01 actorder=None offload_hessians=False added <torch.utils.hooks.RemovableHandle object at 0x72375116f890>
2026-07-30 02:48:20.960 | DEBUG    | llmcompressor.modifiers.utils.hooks:register_hook:98 - config_groups=None targets=['Linear'] ignore=['lm_head'] scheme='W4A16' kv_cache_scheme=None index=0 group='default' start=None end=None update=None initialized_=True finalized_=False started_=True ended_=False sequential_update=True sequential_targets=None block_size=128 dampening_frac=0.01 actorder=None offload_hessians=False added <torch.utils.hooks.RemovableHandle object at 0x72375116f950>
2026-07-30 02:48:20.960 | DEBUG    | llmcompressor.modifiers.utils.hooks:register_hook:98 - config_groups=None targets=['Linear'] ignore=['lm_head'] scheme='W4A16' kv_cache_scheme=None index=0 group='default' start=None end=None update=None initialized_=True finalized_=False started_=True ended_=False sequential_update=True sequential_targets=None block_size=128 dampening_frac=0.01 actorder=None offload_hessians=False added <torch.utils.hooks.RemovableHandle object at 0x72375116fa40>
2026-07-30 02:48:20.960 | DEBUG    | llmcompressor.modifiers.utils.hooks:register_hook:98 - config_groups=None targets=['Linear'] ignore=['lm_head'] scheme='W4A16' kv_cache_scheme=None index=0 group='default' start=None end=None update=None initialized_=True finalized_=False started_=True ended_=False sequential_update=True sequential_targets=None block_size=128 dampening_frac=0.01 actorder=None offload_hessians=False added <torch.utils.hooks.RemovableHandle object at 0x72375116fad0>
2026-07-30 02:48:20.960 | DEBUG    | llmcompressor.modifiers.utils.hooks:register_hook:98 - config_groups=None targets=['Linear'] ignore=['lm_head'] scheme='W4A16' kv_cache_scheme=None index=0 group='default' start=None end=None update=None initialized_=True finalized_=False started_=True ended_=False sequential_update=True sequential_targets=None block_size=128 dampening_frac=0.01 actorder=None offload_hessians=False added <torch.utils.hooks.RemovableHandle object at 0x72375116fb90>
2026-07-30 02:48:20.960 | DEBUG    | llmcompressor.modifiers.utils.hooks:register_hook:98 - config_groups=None targets=['Linear'] ignore=['lm_head'] scheme='W4A16' kv_cache_scheme=None index=0 group='default' start=None end=None update=None initialized_=True finalized_=False started_=True ended_=False sequential_update=True sequential_targets=None block_size=128 dampening_frac=0.01 actorder=None offload_hessians=False added <torch.utils.hooks.RemovableHandle object at 0x72375116fc20>
2026-07-30 02:48:20.960 | DEBUG    | llmcompressor.modifiers.utils.hooks:register_hook:98 - config_groups=None targets=['Linear'] ignore=['lm_head'] scheme='W4A16' kv_cache_scheme=None index=0 group='default' start=None end=None update=None initialized_=True finalized_=False started_=True ended_=False sequential_update=True sequential_targets=None block_size=128 dampening_frac=0.01 actorder=None offload_hessians=False added <torch.utils.hooks.RemovableHandle object at 0x72375116fce0>
2026-07-30 02:48:20.960 | DEBUG    | llmcompressor.modifiers.utils.hooks:register_hook:98 - config_groups=None targets=['Linear'] ignore=['lm_head'] scheme='W4A16' kv_cache_scheme=None index=0 group='default' start=None end=None update=None initialized_=True finalized_=False started_=True ended_=False sequential_update=True sequential_targets=None block_size=128 dampening_frac=0.01 actorder=None offload_hessians=False added <torch.utils.hooks.RemovableHandle object at 0x72375116fdd0>
2026-07-30 02:48:20.961 | DEBUG    | llmcompressor.modifiers.utils.hooks:register_hook:98 - config_groups=None targets=['Linear'] ignore=['lm_head'] scheme='W4A16' kv_cache_scheme=None index=0 group='default' start=None end=None update=None initialized_=True finalized_=False started_=True ended_=False sequential_update=True sequential_targets=None block_size=128 dampening_frac=0.01 actorder=None offload_hessians=False added <torch.utils.hooks.RemovableHandle object at 0x72375116fec0>
2026-07-30 02:48:20.961 | DEBUG    | llmcompressor.modifiers.utils.hooks:register_hook:98 - config_groups=None targets=['Linear'] ignore=['lm_head'] scheme='W4A16' kv_cache_scheme=None index=0 group='default' start=None end=None update=None initialized_=True finalized_=False started_=True ended_=False sequential_update=True sequential_targets=None block_size=128 dampening_frac=0.01 actorder=None offload_hessians=False added <torch.utils.hooks.RemovableHandle object at 0x72375116ecc0>
2026-07-30 02:48:20.961 | DEBUG    | llmcompressor.modifiers.utils.hooks:register_hook:98 - config_groups=None targets=['Linear'] ignore=['lm_head'] scheme='W4A16' kv_cache_scheme=None index=0 group='default' start=None end=None update=None initialized_=True finalized_=False started_=True ended_=False sequential_update=True sequential_targets=None block_size=128 dampening_frac=0.01 actorder=None offload_hessians=False added <torch.utils.hooks.RemovableHandle object at 0x72375116ffb0>
2026-07-30 02:48:20.961 | DEBUG    | llmcompressor.modifiers.utils.hooks:register_hook:98 - config_groups=None targets=['Linear'] ignore=['lm_head'] scheme='W4A16' kv_cache_scheme=None index=0 group='default' start=None end=None update=None initialized_=True finalized_=False started_=True ended_=False sequential_update=True sequential_targets=None block_size=128 dampening_frac=0.01 actorder=None offload_hessians=False added <torch.utils.hooks.RemovableHandle object at 0x72375118c0e0>
2026-07-30 02:48:20.961 | DEBUG    | llmcompressor.modifiers.utils.hooks:register_hook:98 - config_groups=None targets=['Linear'] ignore=['lm_head'] scheme='W4A16' kv_cache_scheme=None index=0 group='default' start=None end=None update=None initialized_=True finalized_=False started_=True ended_=False sequential_update=True sequential_targets=None block_size=128 dampening_frac=0.01 actorder=None offload_hessians=False added <torch.utils.hooks.RemovableHandle object at 0x72375118c1a0>
2026-07-30 02:48:20.961 | DEBUG    | llmcompressor.modifiers.utils.hooks:register_hook:98 - config_groups=None targets=['Linear'] ignore=['lm_head'] scheme='W4A16' kv_cache_scheme=None index=0 group='default' start=None end=None update=None initialized_=True finalized_=False started_=True ended_=False sequential_update=True sequential_targets=None block_size=128 dampening_frac=0.01 actorder=None offload_hessians=False added <torch.utils.hooks.RemovableHandle object at 0x72375118c290>
2026-07-30 02:48:20.961 | DEBUG    | llmcompressor.modifiers.utils.hooks:register_hook:98 - config_groups=None targets=['Linear'] ignore=['lm_head'] scheme='W4A16' kv_cache_scheme=None index=0 group='default' start=None end=None update=None initialized_=True finalized_=False started_=True ended_=False sequential_update=True sequential_targets=None block_size=128 dampening_frac=0.01 actorder=None offload_hessians=False added <torch.utils.hooks.RemovableHandle object at 0x72375118c380>
2026-07-30 02:48:20.961 | DEBUG    | llmcompressor.modifiers.utils.hooks:register_hook:98 - config_groups=None targets=['Linear'] ignore=['lm_head'] scheme='W4A16' kv_cache_scheme=None index=0 group='default' start=None end=None update=None initialized_=True finalized_=False started_=True ended_=False sequential_update=True sequential_targets=None block_size=128 dampening_frac=0.01 actorder=None offload_hessians=False added <torch.utils.hooks.RemovableHandle object at 0x72375118c470>
2026-07-30 02:48:20.962 | DEBUG    | llmcompressor.modifiers.utils.hooks:register_hook:98 - config_groups=None targets=['Linear'] ignore=['lm_head'] scheme='W4A16' kv_cache_scheme=None index=0 group='default' start=None end=None update=None initialized_=True finalized_=False started_=True ended_=False sequential_update=True sequential_targets=None block_size=128 dampening_frac=0.01 actorder=None offload_hessians=False added <torch.utils.hooks.RemovableHandle object at 0x72375118c410>
2026-07-30 02:48:20.962 | DEBUG    | llmcompressor.modifiers.utils.hooks:register_hook:98 - config_groups=None targets=['Linear'] ignore=['lm_head'] scheme='W4A16' kv_cache_scheme=None index=0 group='default' start=None end=None update=None initialized_=True finalized_=False started_=True ended_=False sequential_update=True sequential_targets=None block_size=128 dampening_frac=0.01 actorder=None offload_hessians=False added <torch.utils.hooks.RemovableHandle object at 0x72375118c5c0>
2026-07-30 02:48:20.962 | DEBUG    | llmcompressor.modifiers.utils.hooks:register_hook:98 - config_groups=None targets=['Linear'] ignore=['lm_head'] scheme='W4A16' kv_cache_scheme=None index=0 group='default' start=None end=None update=None initialized_=True finalized_=False started_=True ended_=False sequential_update=True sequential_targets=None block_size=128 dampening_frac=0.01 actorder=None offload_hessians=False added <torch.utils.hooks.RemovableHandle object at 0x72375118c500>
2026-07-30 02:48:20.962 | DEBUG    | llmcompressor.modifiers.utils.hooks:register_hook:98 - config_groups=None targets=['Linear'] ignore=['lm_head'] scheme='W4A16' kv_cache_scheme=None index=0 group='default' start=None end=None update=None initialized_=True finalized_=False started_=True ended_=False sequential_update=True sequential_targets=None block_size=128 dampening_frac=0.01 actorder=None offload_hessians=False added <torch.utils.hooks.RemovableHandle object at 0x72379408a660>
2026-07-30 02:48:20.962 | DEBUG    | llmcompressor.modifiers.utils.hooks:register_hook:98 - config_groups=None targets=['Linear'] ignore=['lm_head'] scheme='W4A16' kv_cache_scheme=None index=0 group='default' start=None end=None update=None initialized_=True finalized_=False started_=True ended_=False sequential_update=True sequential_targets=None block_size=128 dampening_frac=0.01 actorder=None offload_hessians=False added <torch.utils.hooks.RemovableHandle object at 0x72375118c800>
2026-07-30 02:48:20.962 | DEBUG    | llmcompressor.modifiers.utils.hooks:register_hook:98 - config_groups=None targets=['Linear'] ignore=['lm_head'] scheme='W4A16' kv_cache_scheme=None index=0 group='default' start=None end=None update=None initialized_=True finalized_=False started_=True ended_=False sequential_update=True sequential_targets=None block_size=128 dampening_frac=0.01 actorder=None offload_hessians=False added <torch.utils.hooks.RemovableHandle object at 0x72375118c620>
2026-07-30 02:48:20.962 | DEBUG    | llmcompressor.modifiers.utils.hooks:register_hook:98 - config_groups=None targets=['Linear'] ignore=['lm_head'] scheme='W4A16' kv_cache_scheme=None index=0 group='default' start=None end=None update=None initialized_=True finalized_=False started_=True ended_=False sequential_update=True sequential_targets=None block_size=128 dampening_frac=0.01 actorder=None offload_hessians=False added <torch.utils.hooks.RemovableHandle object at 0x72375118c920>
2026-07-30 02:48:20.962 | DEBUG    | llmcompressor.modifiers.utils.hooks:register_hook:98 - config_groups=None targets=['Linear'] ignore=['lm_head'] scheme='W4A16' kv_cache_scheme=None index=0 group='default' start=None end=None update=None initialized_=True finalized_=False started_=True ended_=False sequential_update=True sequential_targets=None block_size=128 dampening_frac=0.01 actorder=None offload_hessians=False added <torch.utils.hooks.RemovableHandle object at 0x72375118ca10>
2026-07-30 02:48:20.962 | DEBUG    | llmcompressor.modifiers.utils.hooks:register_hook:98 - config_groups=None targets=['Linear'] ignore=['lm_head'] scheme='W4A16' kv_cache_scheme=None index=0 group='default' start=None end=None update=None initialized_=True finalized_=False started_=True ended_=False sequential_update=True sequential_targets=None block_size=128 dampening_frac=0.01 actorder=None offload_hessians=False added <torch.utils.hooks.RemovableHandle object at 0x72375118caa0>
2026-07-30 02:48:20.963 | DEBUG    | llmcompressor.modifiers.utils.hooks:register_hook:98 - config_groups=None targets=['Linear'] ignore=['lm_head'] scheme='W4A16' kv_cache_scheme=None index=0 group='default' start=None end=None update=None initialized_=True finalized_=False started_=True ended_=False sequential_update=True sequential_targets=None block_size=128 dampening_frac=0.01 actorder=None offload_hessians=False added <torch.utils.hooks.RemovableHandle object at 0x72375118cb90>
2026-07-30 02:48:20.963 | DEBUG    | llmcompressor.modifiers.utils.hooks:register_hook:98 - config_groups=None targets=['Linear'] ignore=['lm_head'] scheme='W4A16' kv_cache_scheme=None index=0 group='default' start=None end=None update=None initialized_=True finalized_=False started_=True ended_=False sequential_update=True sequential_targets=None block_size=128 dampening_frac=0.01 actorder=None offload_hessians=False added <torch.utils.hooks.RemovableHandle object at 0x72375118cc80>
2026-07-30 02:48:20.963 | DEBUG    | llmcompressor.modifiers.utils.hooks:register_hook:98 - config_groups=None targets=['Linear'] ignore=['lm_head'] scheme='W4A16' kv_cache_scheme=None index=0 group='default' start=None end=None update=None initialized_=True finalized_=False started_=True ended_=False sequential_update=True sequential_targets=None block_size=128 dampening_frac=0.01 actorder=None offload_hessians=False added <torch.utils.hooks.RemovableHandle object at 0x72375118cd40>
2026-07-30 02:48:20.963 | DEBUG    | llmcompressor.modifiers.utils.hooks:register_hook:98 - config_groups=None targets=['Linear'] ignore=['lm_head'] scheme='W4A16' kv_cache_scheme=None index=0 group='default' start=None end=None update=None initialized_=True finalized_=False started_=True ended_=False sequential_update=True sequential_targets=None block_size=128 dampening_frac=0.01 actorder=None offload_hessians=False added <torch.utils.hooks.RemovableHandle object at 0x72375118ce30>
2026-07-30 02:48:20.963 | DEBUG    | llmcompressor.modifiers.utils.hooks:register_hook:98 - config_groups=None targets=['Linear'] ignore=['lm_head'] scheme='W4A16' kv_cache_scheme=None index=0 group='default' start=None end=None update=None initialized_=True finalized_=False started_=True ended_=False sequential_update=True sequential_targets=None block_size=128 dampening_frac=0.01 actorder=None offload_hessians=False added <torch.utils.hooks.RemovableHandle object at 0x72375118cf20>
2026-07-30 02:48:20.963 | DEBUG    | llmcompressor.modifiers.utils.hooks:register_hook:98 - config_groups=None targets=['Linear'] ignore=['lm_head'] scheme='W4A16' kv_cache_scheme=None index=0 group='default' start=None end=None update=None initialized_=True finalized_=False started_=True ended_=False sequential_update=True sequential_targets=None block_size=128 dampening_frac=0.01 actorder=None offload_hessians=False added <torch.utils.hooks.RemovableHandle object at 0x72375118d010>
2026-07-30 02:48:20.963 | DEBUG    | llmcompressor.modifiers.utils.hooks:register_hook:98 - config_groups=None targets=['Linear'] ignore=['lm_head'] scheme='W4A16' kv_cache_scheme=None index=0 group='default' start=None end=None update=None initialized_=True finalized_=False started_=True ended_=False sequential_update=True sequential_targets=None block_size=128 dampening_frac=0.01 actorder=None offload_hessians=False added <torch.utils.hooks.RemovableHandle object at 0x72375118d100>
2026-07-30 02:48:20.963 | DEBUG    | llmcompressor.modifiers.utils.hooks:register_hook:98 - config_groups=None targets=['Linear'] ignore=['lm_head'] scheme='W4A16' kv_cache_scheme=None index=0 group='default' start=None end=None update=None initialized_=True finalized_=False started_=True ended_=False sequential_update=True sequential_targets=None block_size=128 dampening_frac=0.01 actorder=None offload_hessians=False added <torch.utils.hooks.RemovableHandle object at 0x72375118d0a0>
2026-07-30 02:48:20.964 | DEBUG    | llmcompressor.modifiers.utils.hooks:register_hook:98 - config_groups=None targets=['Linear'] ignore=['lm_head'] scheme='W4A16' kv_cache_scheme=None index=0 group='default' start=None end=None update=None initialized_=True finalized_=False started_=True ended_=False sequential_update=True sequential_targets=None block_size=128 dampening_frac=0.01 actorder=None offload_hessians=False added <torch.utils.hooks.RemovableHandle object at 0x72375118d250>
2026-07-30 02:48:20.964 | DEBUG    | llmcompressor.modifiers.utils.hooks:register_hook:98 - config_groups=None targets=['Linear'] ignore=['lm_head'] scheme='W4A16' kv_cache_scheme=None index=0 group='default' start=None end=None update=None initialized_=True finalized_=False started_=True ended_=False sequential_update=True sequential_targets=None block_size=128 dampening_frac=0.01 actorder=None offload_hessians=False added <torch.utils.hooks.RemovableHandle object at 0x72375118d2e0>
2026-07-30 02:48:20.964 | DEBUG    | llmcompressor.modifiers.utils.hooks:register_hook:98 - config_groups=None targets=['Linear'] ignore=['lm_head'] scheme='W4A16' kv_cache_scheme=None index=0 group='default' start=None end=None update=None initialized_=True finalized_=False started_=True ended_=False sequential_update=True sequential_targets=None block_size=128 dampening_frac=0.01 actorder=None offload_hessians=False added <torch.utils.hooks.RemovableHandle object at 0x72375118d3a0>
2026-07-30 02:48:20.964 | DEBUG    | llmcompressor.modifiers.utils.hooks:register_hook:98 - config_groups=None targets=['Linear'] ignore=['lm_head'] scheme='W4A16' kv_cache_scheme=None index=0 group='default' start=None end=None update=None initialized_=True finalized_=False started_=True ended_=False sequential_update=True sequential_targets=None block_size=128 dampening_frac=0.01 actorder=None offload_hessians=False added <torch.utils.hooks.RemovableHandle object at 0x72375118cbf0>
2026-07-30 02:48:20.964 | DEBUG    | llmcompressor.modifiers.utils.hooks:register_hook:98 - config_groups=None targets=['Linear'] ignore=['lm_head'] scheme='W4A16' kv_cache_scheme=None index=0 group='default' start=None end=None update=None initialized_=True finalized_=False started_=True ended_=False sequential_update=True sequential_targets=None block_size=128 dampening_frac=0.01 actorder=None offload_hessians=False added <torch.utils.hooks.RemovableHandle object at 0x72375118d520>
2026-07-30 02:48:20.964 | DEBUG    | llmcompressor.modifiers.utils.hooks:register_hook:98 - config_groups=None targets=['Linear'] ignore=['lm_head'] scheme='W4A16' kv_cache_scheme=None index=0 group='default' start=None end=None update=None initialized_=True finalized_=False started_=True ended_=False sequential_update=True sequential_targets=None block_size=128 dampening_frac=0.01 actorder=None offload_hessians=False added <torch.utils.hooks.RemovableHandle object at 0x723794089c70>
2026-07-30 02:48:20.964 | DEBUG    | llmcompressor.modifiers.utils.hooks:register_hook:98 - config_groups=None targets=['Linear'] ignore=['lm_head'] scheme='W4A16' kv_cache_scheme=None index=0 group='default' start=None end=None update=None initialized_=True finalized_=False started_=True ended_=False sequential_update=True sequential_targets=None block_size=128 dampening_frac=0.01 actorder=None offload_hessians=False added <torch.utils.hooks.RemovableHandle object at 0x72375118d5e0>
2026-07-30 02:48:20.964 | DEBUG    | llmcompressor.modifiers.utils.hooks:register_hook:98 - config_groups=None targets=['Linear'] ignore=['lm_head'] scheme='W4A16' kv_cache_scheme=None index=0 group='default' start=None end=None update=None initialized_=True finalized_=False started_=True ended_=False sequential_update=True sequential_targets=None block_size=128 dampening_frac=0.01 actorder=None offload_hessians=False added <torch.utils.hooks.RemovableHandle object at 0x72375118d6d0>
2026-07-30 02:48:20.965 | DEBUG    | llmcompressor.modifiers.utils.hooks:register_hook:98 - config_groups=None targets=['Linear'] ignore=['lm_head'] scheme='W4A16' kv_cache_scheme=None index=0 group='default' start=None end=None update=None initialized_=True finalized_=False started_=True ended_=False sequential_update=True sequential_targets=None block_size=128 dampening_frac=0.01 actorder=None offload_hessians=False added <torch.utils.hooks.RemovableHandle object at 0x72375118d730>
2026-07-30 02:48:20.965 | DEBUG    | llmcompressor.modifiers.utils.hooks:register_hook:98 - config_groups=None targets=['Linear'] ignore=['lm_head'] scheme='W4A16' kv_cache_scheme=None index=0 group='default' start=None end=None update=None initialized_=True finalized_=False started_=True ended_=False sequential_update=True sequential_targets=None block_size=128 dampening_frac=0.01 actorder=None offload_hessians=False added <torch.utils.hooks.RemovableHandle object at 0x72375118d820>
2026-07-30 02:48:20.965 | DEBUG    | llmcompressor.modifiers.utils.hooks:register_hook:98 - config_groups=None targets=['Linear'] ignore=['lm_head'] scheme='W4A16' kv_cache_scheme=None index=0 group='default' start=None end=None update=None initialized_=True finalized_=False started_=True ended_=False sequential_update=True sequential_targets=None block_size=128 dampening_frac=0.01 actorder=None offload_hessians=False added <torch.utils.hooks.RemovableHandle object at 0x72375118d8b0>
2026-07-30 02:48:20.965 | DEBUG    | llmcompressor.modifiers.utils.hooks:register_hook:98 - config_groups=None targets=['Linear'] ignore=['lm_head'] scheme='W4A16' kv_cache_scheme=None index=0 group='default' start=None end=None update=None initialized_=True finalized_=False started_=True ended_=False sequential_update=True sequential_targets=None block_size=128 dampening_frac=0.01 actorder=None offload_hessians=False added <torch.utils.hooks.RemovableHandle object at 0x72375118d910>
2026-07-30 02:48:20.965 | DEBUG    | llmcompressor.modifiers.utils.hooks:register_hook:98 - config_groups=None targets=['Linear'] ignore=['lm_head'] scheme='W4A16' kv_cache_scheme=None index=0 group='default' start=None end=None update=None initialized_=True finalized_=False started_=True ended_=False sequential_update=True sequential_targets=None block_size=128 dampening_frac=0.01 actorder=None offload_hessians=False added <torch.utils.hooks.RemovableHandle object at 0x72375118da30>
2026-07-30 02:48:20.965 | DEBUG    | llmcompressor.modifiers.utils.hooks:register_hook:98 - config_groups=None targets=['Linear'] ignore=['lm_head'] scheme='W4A16' kv_cache_scheme=None index=0 group='default' start=None end=None update=None initialized_=True finalized_=False started_=True ended_=False sequential_update=True sequential_targets=None block_size=128 dampening_frac=0.01 actorder=None offload_hessians=False added <torch.utils.hooks.RemovableHandle object at 0x72375118daf0>
2026-07-30 02:48:20.965 | DEBUG    | llmcompressor.modifiers.utils.hooks:register_hook:98 - config_groups=None targets=['Linear'] ignore=['lm_head'] scheme='W4A16' kv_cache_scheme=None index=0 group='default' start=None end=None update=None initialized_=True finalized_=False started_=True ended_=False sequential_update=True sequential_targets=None block_size=128 dampening_frac=0.01 actorder=None offload_hessians=False added <torch.utils.hooks.RemovableHandle object at 0x72375118db80>
2026-07-30 02:48:20.966 | DEBUG    | llmcompressor.modifiers.utils.hooks:register_hook:98 - config_groups=None targets=['Linear'] ignore=['lm_head'] scheme='W4A16' kv_cache_scheme=None index=0 group='default' start=None end=None update=None initialized_=True finalized_=False started_=True ended_=False sequential_update=True sequential_targets=None block_size=128 dampening_frac=0.01 actorder=None offload_hessians=False added <torch.utils.hooks.RemovableHandle object at 0x72375118dc40>
2026-07-30 02:48:20.966 | DEBUG    | llmcompressor.modifiers.utils.hooks:register_hook:98 - config_groups=None targets=['Linear'] ignore=['lm_head'] scheme='W4A16' kv_cache_scheme=None index=0 group='default' start=None end=None update=None initialized_=True finalized_=False started_=True ended_=False sequential_update=True sequential_targets=None block_size=128 dampening_frac=0.01 actorder=None offload_hessians=False added <torch.utils.hooks.RemovableHandle object at 0x72375118dd30>
2026-07-30 02:48:20.966 | DEBUG    | llmcompressor.modifiers.utils.hooks:register_hook:98 - config_groups=None targets=['Linear'] ignore=['lm_head'] scheme='W4A16' kv_cache_scheme=None index=0 group='default' start=None end=None update=None initialized_=True finalized_=False started_=True ended_=False sequential_update=True sequential_targets=None block_size=128 dampening_frac=0.01 actorder=None offload_hessians=False added <torch.utils.hooks.RemovableHandle object at 0x72375118de20>
2026-07-30 02:48:20.966 | DEBUG    | llmcompressor.modifiers.utils.hooks:register_hook:98 - config_groups=None targets=['Linear'] ignore=['lm_head'] scheme='W4A16' kv_cache_scheme=None index=0 group='default' start=None end=None update=None initialized_=True finalized_=False started_=True ended_=False sequential_update=True sequential_targets=None block_size=128 dampening_frac=0.01 actorder=None offload_hessians=False added <torch.utils.hooks.RemovableHandle object at 0x72375118df40>
2026-07-30 02:48:20.966 | DEBUG    | llmcompressor.modifiers.utils.hooks:register_hook:98 - config_groups=None targets=['Linear'] ignore=['lm_head'] scheme='W4A16' kv_cache_scheme=None index=0 group='default' start=None end=None update=None initialized_=True finalized_=False started_=True ended_=False sequential_update=True sequential_targets=None block_size=128 dampening_frac=0.01 actorder=None offload_hessians=False added <torch.utils.hooks.RemovableHandle object at 0x72375118dfd0>
2026-07-30 02:48:20.966 | DEBUG    | llmcompressor.modifiers.utils.hooks:register_hook:98 - config_groups=None targets=['Linear'] ignore=['lm_head'] scheme='W4A16' kv_cache_scheme=None index=0 group='default' start=None end=None update=None initialized_=True finalized_=False started_=True ended_=False sequential_update=True sequential_targets=None block_size=128 dampening_frac=0.01 actorder=None offload_hessians=False added <torch.utils.hooks.RemovableHandle object at 0x72375118e0c0>
2026-07-30 02:48:20.966 | DEBUG    | llmcompressor.modifiers.utils.hooks:register_hook:98 - config_groups=None targets=['Linear'] ignore=['lm_head'] scheme='W4A16' kv_cache_scheme=None index=0 group='default' start=None end=None update=None initialized_=True finalized_=False started_=True ended_=False sequential_update=True sequential_targets=None block_size=128 dampening_frac=0.01 actorder=None offload_hessians=False added <torch.utils.hooks.RemovableHandle object at 0x72375118e1b0>
2026-07-30 02:48:20.966 | DEBUG    | llmcompressor.modifiers.utils.hooks:register_hook:98 - config_groups=None targets=['Linear'] ignore=['lm_head'] scheme='W4A16' kv_cache_scheme=None index=0 group='default' start=None end=None update=None initialized_=True finalized_=False started_=True ended_=False sequential_update=True sequential_targets=None block_size=128 dampening_frac=0.01 actorder=None offload_hessians=False added <torch.utils.hooks.RemovableHandle object at 0x72375118e2a0>
2026-07-30 02:48:20.967 | DEBUG    | llmcompressor.modifiers.utils.hooks:register_hook:98 - config_groups=None targets=['Linear'] ignore=['lm_head'] scheme='W4A16' kv_cache_scheme=None index=0 group='default' start=None end=None update=None initialized_=True finalized_=False started_=True ended_=False sequential_update=True sequential_targets=None block_size=128 dampening_frac=0.01 actorder=None offload_hessians=False added <torch.utils.hooks.RemovableHandle object at 0x72375118e330>
2026-07-30 02:48:20.967 | DEBUG    | llmcompressor.modifiers.utils.hooks:register_hook:98 - config_groups=None targets=['Linear'] ignore=['lm_head'] scheme='W4A16' kv_cache_scheme=None index=0 group='default' start=None end=None update=None initialized_=True finalized_=False started_=True ended_=False sequential_update=True sequential_targets=None block_size=128 dampening_frac=0.01 actorder=None offload_hessians=False added <torch.utils.hooks.RemovableHandle object at 0x72375118e420>
2026-07-30 02:48:20.967 | DEBUG    | llmcompressor.modifiers.utils.hooks:register_hook:98 - config_groups=None targets=['Linear'] ignore=['lm_head'] scheme='W4A16' kv_cache_scheme=None index=0 group='default' start=None end=None update=None initialized_=True finalized_=False started_=True ended_=False sequential_update=True sequential_targets=None block_size=128 dampening_frac=0.01 actorder=None offload_hessians=False added <torch.utils.hooks.RemovableHandle object at 0x72375118e510>
2026-07-30 02:48:20.967 | DEBUG    | llmcompressor.modifiers.utils.hooks:register_hook:98 - config_groups=None targets=['Linear'] ignore=['lm_head'] scheme='W4A16' kv_cache_scheme=None index=0 group='default' start=None end=None update=None initialized_=True finalized_=False started_=True ended_=False sequential_update=True sequential_targets=None block_size=128 dampening_frac=0.01 actorder=None offload_hessians=False added <torch.utils.hooks.RemovableHandle object at 0x72375118e600>
2026-07-30 02:48:20.967 | DEBUG    | llmcompressor.modifiers.utils.hooks:register_hook:98 - config_groups=None targets=['Linear'] ignore=['lm_head'] scheme='W4A16' kv_cache_scheme=None index=0 group='default' start=None end=None update=None initialized_=True finalized_=False started_=True ended_=False sequential_update=True sequential_targets=None block_size=128 dampening_frac=0.01 actorder=None offload_hessians=False added <torch.utils.hooks.RemovableHandle object at 0x72375118e6f0>
2026-07-30 02:48:20.968 | DEBUG    | llmcompressor.modifiers.utils.hooks:register_hook:98 - config_groups=None targets=['Linear'] ignore=['lm_head'] scheme='W4A16' kv_cache_scheme=None index=0 group='default' start=None end=None update=None initialized_=True finalized_=False started_=True ended_=False sequential_update=True sequential_targets=None block_size=128 dampening_frac=0.01 actorder=None offload_hessians=False added <torch.utils.hooks.RemovableHandle object at 0x72375118e7b0>
2026-07-30 02:48:20.969 | DEBUG    | llmcompressor.modifiers.utils.hooks:register_hook:98 - config_groups=None targets=['Linear'] ignore=['lm_head'] scheme='W4A16' kv_cache_scheme=None index=0 group='default' start=None end=None update=None initialized_=True finalized_=False started_=True ended_=False sequential_update=True sequential_targets=None block_size=128 dampening_frac=0.01 actorder=None offload_hessians=False added <torch.utils.hooks.RemovableHandle object at 0x72375118e840>
2026-07-30 02:48:20.969 | DEBUG    | llmcompressor.modifiers.utils.hooks:register_hook:98 - config_groups=None targets=['Linear'] ignore=['lm_head'] scheme='W4A16' kv_cache_scheme=None index=0 group='default' start=None end=None update=None initialized_=True finalized_=False started_=True ended_=False sequential_update=True sequential_targets=None block_size=128 dampening_frac=0.01 actorder=None offload_hessians=False added <torch.utils.hooks.RemovableHandle object at 0x72375118e900>
2026-07-30 02:48:20.969 | DEBUG    | llmcompressor.modifiers.utils.hooks:register_hook:98 - config_groups=None targets=['Linear'] ignore=['lm_head'] scheme='W4A16' kv_cache_scheme=None index=0 group='default' start=None end=None update=None initialized_=True finalized_=False started_=True ended_=False sequential_update=True sequential_targets=None block_size=128 dampening_frac=0.01 actorder=None offload_hessians=False added <torch.utils.hooks.RemovableHandle object at 0x72375118e9f0>
2026-07-30 02:48:20.969 | DEBUG    | llmcompressor.modifiers.utils.hooks:register_hook:98 - config_groups=None targets=['Linear'] ignore=['lm_head'] scheme='W4A16' kv_cache_scheme=None index=0 group='default' start=None end=None update=None initialized_=True finalized_=False started_=True ended_=False sequential_update=True sequential_targets=None block_size=128 dampening_frac=0.01 actorder=None offload_hessians=False added <torch.utils.hooks.RemovableHandle object at 0x72375118eab0>
2026-07-30 02:48:20.969 | DEBUG    | llmcompressor.modifiers.utils.hooks:register_hook:98 - config_groups=None targets=['Linear'] ignore=['lm_head'] scheme='W4A16' kv_cache_scheme=None index=0 group='default' start=None end=None update=None initialized_=True finalized_=False started_=True ended_=False sequential_update=True sequential_targets=None block_size=128 dampening_frac=0.01 actorder=None offload_hessians=False added <torch.utils.hooks.RemovableHandle object at 0x72375118eba0>
2026-07-30 02:48:20.969 | DEBUG    | llmcompressor.modifiers.utils.hooks:register_hook:98 - config_groups=None targets=['Linear'] ignore=['lm_head'] scheme='W4A16' kv_cache_scheme=None index=0 group='default' start=None end=None update=None initialized_=True finalized_=False started_=True ended_=False sequential_update=True sequential_targets=None block_size=128 dampening_frac=0.01 actorder=None offload_hessians=False added <torch.utils.hooks.RemovableHandle object at 0x72375118ec60>
2026-07-30 02:48:20.969 | DEBUG    | llmcompressor.modifiers.utils.hooks:register_hook:98 - config_groups=None targets=['Linear'] ignore=['lm_head'] scheme='W4A16' kv_cache_scheme=None index=0 group='default' start=None end=None update=None initialized_=True finalized_=False started_=True ended_=False sequential_update=True sequential_targets=None block_size=128 dampening_frac=0.01 actorder=None offload_hessians=False added <torch.utils.hooks.RemovableHandle object at 0x72375118ed50>
2026-07-30 02:48:20.969 | DEBUG    | llmcompressor.modifiers.utils.hooks:register_hook:98 - config_groups=None targets=['Linear'] ignore=['lm_head'] scheme='W4A16' kv_cache_scheme=None index=0 group='default' start=None end=None update=None initialized_=True finalized_=False started_=True ended_=False sequential_update=True sequential_targets=None block_size=128 dampening_frac=0.01 actorder=None offload_hessians=False added <torch.utils.hooks.RemovableHandle object at 0x72375118ede0>
2026-07-30 02:48:20.970 | DEBUG    | llmcompressor.modifiers.utils.hooks:register_hook:98 - config_groups=None targets=['Linear'] ignore=['lm_head'] scheme='W4A16' kv_cache_scheme=None index=0 group='default' start=None end=None update=None initialized_=True finalized_=False started_=True ended_=False sequential_update=True sequential_targets=None block_size=128 dampening_frac=0.01 actorder=None offload_hessians=False added <torch.utils.hooks.RemovableHandle object at 0x72375118eed0>
2026-07-30 02:48:20.970 | DEBUG    | llmcompressor.modifiers.utils.hooks:register_hook:98 - config_groups=None targets=['Linear'] ignore=['lm_head'] scheme='W4A16' kv_cache_scheme=None index=0 group='default' start=None end=None update=None initialized_=True finalized_=False started_=True ended_=False sequential_update=True sequential_targets=None block_size=128 dampening_frac=0.01 actorder=None offload_hessians=False added <torch.utils.hooks.RemovableHandle object at 0x72375118efc0>
2026-07-30 02:48:20.970 | DEBUG    | llmcompressor.modifiers.utils.hooks:register_hook:98 - config_groups=None targets=['Linear'] ignore=['lm_head'] scheme='W4A16' kv_cache_scheme=None index=0 group='default' start=None end=None update=None initialized_=True finalized_=False started_=True ended_=False sequential_update=True sequential_targets=None block_size=128 dampening_frac=0.01 actorder=None offload_hessians=False added <torch.utils.hooks.RemovableHandle object at 0x72375118f080>
2026-07-30 02:48:20.970 | DEBUG    | llmcompressor.modifiers.utils.hooks:register_hook:98 - config_groups=None targets=['Linear'] ignore=['lm_head'] scheme='W4A16' kv_cache_scheme=None index=0 group='default' start=None end=None update=None initialized_=True finalized_=False started_=True ended_=False sequential_update=True sequential_targets=None block_size=128 dampening_frac=0.01 actorder=None offload_hessians=False added <torch.utils.hooks.RemovableHandle object at 0x72375118f140>
2026-07-30 02:48:20.970 | DEBUG    | llmcompressor.modifiers.utils.hooks:register_hook:98 - config_groups=None targets=['Linear'] ignore=['lm_head'] scheme='W4A16' kv_cache_scheme=None index=0 group='default' start=None end=None update=None initialized_=True finalized_=False started_=True ended_=False sequential_update=True sequential_targets=None block_size=128 dampening_frac=0.01 actorder=None offload_hessians=False added <torch.utils.hooks.RemovableHandle object at 0x72375118f230>
2026-07-30 02:48:20.970 | DEBUG    | llmcompressor.modifiers.utils.hooks:register_hook:98 - config_groups=None targets=['Linear'] ignore=['lm_head'] scheme='W4A16' kv_cache_scheme=None index=0 group='default' start=None end=None update=None initialized_=True finalized_=False started_=True ended_=False sequential_update=True sequential_targets=None block_size=128 dampening_frac=0.01 actorder=None offload_hessians=False added <torch.utils.hooks.RemovableHandle object at 0x72375118f2c0>
2026-07-30 02:48:20.970 | DEBUG    | llmcompressor.modifiers.utils.hooks:register_hook:98 - config_groups=None targets=['Linear'] ignore=['lm_head'] scheme='W4A16' kv_cache_scheme=None index=0 group='default' start=None end=None update=None initialized_=True finalized_=False started_=True ended_=False sequential_update=True sequential_targets=None block_size=128 dampening_frac=0.01 actorder=None offload_hessians=False added <torch.utils.hooks.RemovableHandle object at 0x72375118f3e0>
2026-07-30 02:48:20.971 | DEBUG    | llmcompressor.modifiers.utils.hooks:register_hook:98 - config_groups=None targets=['Linear'] ignore=['lm_head'] scheme='W4A16' kv_cache_scheme=None index=0 group='default' start=None end=None update=None initialized_=True finalized_=False started_=True ended_=False sequential_update=True sequential_targets=None block_size=128 dampening_frac=0.01 actorder=None offload_hessians=False added <torch.utils.hooks.RemovableHandle object at 0x72375118f470>
2026-07-30 02:48:20.971 | DEBUG    | llmcompressor.modifiers.utils.hooks:register_hook:98 - config_groups=None targets=['Linear'] ignore=['lm_head'] scheme='W4A16' kv_cache_scheme=None index=0 group='default' start=None end=None update=None initialized_=True finalized_=False started_=True ended_=False sequential_update=True sequential_targets=None block_size=128 dampening_frac=0.01 actorder=None offload_hessians=False added <torch.utils.hooks.RemovableHandle object at 0x72375118f500>
2026-07-30 02:48:20.971 | DEBUG    | llmcompressor.modifiers.utils.hooks:register_hook:98 - config_groups=None targets=['Linear'] ignore=['lm_head'] scheme='W4A16' kv_cache_scheme=None index=0 group='default' start=None end=None update=None initialized_=True finalized_=False started_=True ended_=False sequential_update=True sequential_targets=None block_size=128 dampening_frac=0.01 actorder=None offload_hessians=False added <torch.utils.hooks.RemovableHandle object at 0x72375118f5f0>
2026-07-30 02:48:20.971 | DEBUG    | llmcompressor.modifiers.utils.hooks:register_hook:98 - config_groups=None targets=['Linear'] ignore=['lm_head'] scheme='W4A16' kv_cache_scheme=None index=0 group='default' start=None end=None update=None initialized_=True finalized_=False started_=True ended_=False sequential_update=True sequential_targets=None block_size=128 dampening_frac=0.01 actorder=None offload_hessians=False added <torch.utils.hooks.RemovableHandle object at 0x72375118f710>
2026-07-30 02:48:20.971 | DEBUG    | llmcompressor.modifiers.utils.hooks:register_hook:98 - config_groups=None targets=['Linear'] ignore=['lm_head'] scheme='W4A16' kv_cache_scheme=None index=0 group='default' start=None end=None update=None initialized_=True finalized_=False started_=True ended_=False sequential_update=True sequential_targets=None block_size=128 dampening_frac=0.01 actorder=None offload_hessians=False added <torch.utils.hooks.RemovableHandle object at 0x72375118f7a0>
2026-07-30 02:48:20.971 | DEBUG    | llmcompressor.modifiers.utils.hooks:register_hook:98 - config_groups=None targets=['Linear'] ignore=['lm_head'] scheme='W4A16' kv_cache_scheme=None index=0 group='default' start=None end=None update=None initialized_=True finalized_=False started_=True ended_=False sequential_update=True sequential_targets=None block_size=128 dampening_frac=0.01 actorder=None offload_hessians=False added <torch.utils.hooks.RemovableHandle object at 0x72375118f860>
2026-07-30 02:48:20.971 | DEBUG    | llmcompressor.modifiers.utils.hooks:register_hook:98 - config_groups=None targets=['Linear'] ignore=['lm_head'] scheme='W4A16' kv_cache_scheme=None index=0 group='default' start=None end=None update=None initialized_=True finalized_=False started_=True ended_=False sequential_update=True sequential_targets=None block_size=128 dampening_frac=0.01 actorder=None offload_hessians=False added <torch.utils.hooks.RemovableHandle object at 0x72375118f920>
2026-07-30 02:48:20.971 | DEBUG    | llmcompressor.modifiers.utils.hooks:register_hook:98 - config_groups=None targets=['Linear'] ignore=['lm_head'] scheme='W4A16' kv_cache_scheme=None index=0 group='default' start=None end=None update=None initialized_=True finalized_=False started_=True ended_=False sequential_update=True sequential_targets=None block_size=128 dampening_frac=0.01 actorder=None offload_hessians=False added <torch.utils.hooks.RemovableHandle object at 0x72375118fa10>
2026-07-30 02:48:20.972 | DEBUG    | llmcompressor.modifiers.utils.hooks:register_hook:98 - config_groups=None targets=['Linear'] ignore=['lm_head'] scheme='W4A16' kv_cache_scheme=None index=0 group='default' start=None end=None update=None initialized_=True finalized_=False started_=True ended_=False sequential_update=True sequential_targets=None block_size=128 dampening_frac=0.01 actorder=None offload_hessians=False added <torch.utils.hooks.RemovableHandle object at 0x72375118fad0>
2026-07-30 02:48:20.972 | DEBUG    | llmcompressor.modifiers.utils.hooks:register_hook:98 - config_groups=None targets=['Linear'] ignore=['lm_head'] scheme='W4A16' kv_cache_scheme=None index=0 group='default' start=None end=None update=None initialized_=True finalized_=False started_=True ended_=False sequential_update=True sequential_targets=None block_size=128 dampening_frac=0.01 actorder=None offload_hessians=False added <torch.utils.hooks.RemovableHandle object at 0x72375118fb90>
2026-07-30 02:48:20.972 | DEBUG    | llmcompressor.modifiers.utils.hooks:register_hook:98 - config_groups=None targets=['Linear'] ignore=['lm_head'] scheme='W4A16' kv_cache_scheme=None index=0 group='default' start=None end=None update=None initialized_=True finalized_=False started_=True ended_=False sequential_update=True sequential_targets=None block_size=128 dampening_frac=0.01 actorder=None offload_hessians=False added <torch.utils.hooks.RemovableHandle object at 0x72375118fc20>
2026-07-30 02:48:20.972 | DEBUG    | llmcompressor.modifiers.utils.hooks:register_hook:98 - config_groups=None targets=['Linear'] ignore=['lm_head'] scheme='W4A16' kv_cache_scheme=None index=0 group='default' start=None end=None update=None initialized_=True finalized_=False started_=True ended_=False sequential_update=True sequential_targets=None block_size=128 dampening_frac=0.01 actorder=None offload_hessians=False added <torch.utils.hooks.RemovableHandle object at 0x72375118fd10>
2026-07-30 02:48:20.972 | DEBUG    | llmcompressor.modifiers.utils.hooks:register_hook:98 - config_groups=None targets=['Linear'] ignore=['lm_head'] scheme='W4A16' kv_cache_scheme=None index=0 group='default' start=None end=None update=None initialized_=True finalized_=False started_=True ended_=False sequential_update=True sequential_targets=None block_size=128 dampening_frac=0.01 actorder=None offload_hessians=False added <torch.utils.hooks.RemovableHandle object at 0x72375118fe30>
2026-07-30 02:48:20.972 | DEBUG    | llmcompressor.modifiers.utils.hooks:register_hook:98 - config_groups=None targets=['Linear'] ignore=['lm_head'] scheme='W4A16' kv_cache_scheme=None index=0 group='default' start=None end=None update=None initialized_=True finalized_=False started_=True ended_=False sequential_update=True sequential_targets=None block_size=128 dampening_frac=0.01 actorder=None offload_hessians=False added <torch.utils.hooks.RemovableHandle object at 0x72375118fec0>
2026-07-30 02:48:20.972 | DEBUG    | llmcompressor.modifiers.utils.hooks:register_hook:98 - config_groups=None targets=['Linear'] ignore=['lm_head'] scheme='W4A16' kv_cache_scheme=None index=0 group='default' start=None end=None update=None initialized_=True finalized_=False started_=True ended_=False sequential_update=True sequential_targets=None block_size=128 dampening_frac=0.01 actorder=None offload_hessians=False added <torch.utils.hooks.RemovableHandle object at 0x72375118ffb0>
2026-07-30 02:48:20.972 | DEBUG    | llmcompressor.modifiers.utils.hooks:register_hook:98 - config_groups=None targets=['Linear'] ignore=['lm_head'] scheme='W4A16' kv_cache_scheme=None index=0 group='default' start=None end=None update=None initialized_=True finalized_=False started_=True ended_=False sequential_update=True sequential_targets=None block_size=128 dampening_frac=0.01 actorder=None offload_hessians=False added <torch.utils.hooks.RemovableHandle object at 0x7237511a8110>
2026-07-30 02:48:20.973 | DEBUG    | llmcompressor.modifiers.utils.hooks:register_hook:98 - config_groups=None targets=['Linear'] ignore=['lm_head'] scheme='W4A16' kv_cache_scheme=None index=0 group='default' start=None end=None update=None initialized_=True finalized_=False started_=True ended_=False sequential_update=True sequential_targets=None block_size=128 dampening_frac=0.01 actorder=None offload_hessians=False added <torch.utils.hooks.RemovableHandle object at 0x7237511a81d0>
2026-07-30 02:48:20.973 | DEBUG    | llmcompressor.modifiers.utils.hooks:register_hook:98 - config_groups=None targets=['Linear'] ignore=['lm_head'] scheme='W4A16' kv_cache_scheme=None index=0 group='default' start=None end=None update=None initialized_=True finalized_=False started_=True ended_=False sequential_update=True sequential_targets=None block_size=128 dampening_frac=0.01 actorder=None offload_hessians=False added <torch.utils.hooks.RemovableHandle object at 0x7237511a82c0>
2026-07-30 02:48:20.973 | DEBUG    | llmcompressor.modifiers.utils.hooks:register_hook:98 - config_groups=None targets=['Linear'] ignore=['lm_head'] scheme='W4A16' kv_cache_scheme=None index=0 group='default' start=None end=None update=None initialized_=True finalized_=False started_=True ended_=False sequential_update=True sequential_targets=None block_size=128 dampening_frac=0.01 actorder=None offload_hessians=False added <torch.utils.hooks.RemovableHandle object at 0x7237511a8380>
2026-07-30 02:48:20.973 | DEBUG    | llmcompressor.modifiers.utils.hooks:register_hook:98 - config_groups=None targets=['Linear'] ignore=['lm_head'] scheme='W4A16' kv_cache_scheme=None index=0 group='default' start=None end=None update=None initialized_=True finalized_=False started_=True ended_=False sequential_update=True sequential_targets=None block_size=128 dampening_frac=0.01 actorder=None offload_hessians=False added <torch.utils.hooks.RemovableHandle object at 0x7237511a8320>
2026-07-30 02:48:20.973 | DEBUG    | llmcompressor.modifiers.utils.hooks:register_hook:98 - config_groups=None targets=['Linear'] ignore=['lm_head'] scheme='W4A16' kv_cache_scheme=None index=0 group='default' start=None end=None update=None initialized_=True finalized_=False started_=True ended_=False sequential_update=True sequential_targets=None block_size=128 dampening_frac=0.01 actorder=None offload_hessians=False added <torch.utils.hooks.RemovableHandle object at 0x7237511a84d0>
2026-07-30 02:48:20.973 | DEBUG    | llmcompressor.modifiers.utils.hooks:register_hook:98 - config_groups=None targets=['Linear'] ignore=['lm_head'] scheme='W4A16' kv_cache_scheme=None index=0 group='default' start=None end=None update=None initialized_=True finalized_=False started_=True ended_=False sequential_update=True sequential_targets=None block_size=128 dampening_frac=0.01 actorder=None offload_hessians=False added <torch.utils.hooks.RemovableHandle object at 0x7237511a8590>
2026-07-30 02:48:20.973 | DEBUG    | llmcompressor.modifiers.utils.hooks:register_hook:98 - config_groups=None targets=['Linear'] ignore=['lm_head'] scheme='W4A16' kv_cache_scheme=None index=0 group='default' start=None end=None update=None initialized_=True finalized_=False started_=True ended_=False sequential_update=True sequential_targets=None block_size=128 dampening_frac=0.01 actorder=None offload_hessians=False added <torch.utils.hooks.RemovableHandle object at 0x7237511a8680>
2026-07-30 02:48:20.973 | DEBUG    | llmcompressor.modifiers.utils.hooks:register_hook:98 - config_groups=None targets=['Linear'] ignore=['lm_head'] scheme='W4A16' kv_cache_scheme=None index=0 group='default' start=None end=None update=None initialized_=True finalized_=False started_=True ended_=False sequential_update=True sequential_targets=None block_size=128 dampening_frac=0.01 actorder=None offload_hessians=False added <torch.utils.hooks.RemovableHandle object at 0x7237511a8080>
2026-07-30 02:48:20.973 | DEBUG    | llmcompressor.modifiers.utils.hooks:register_hook:98 - config_groups=None targets=['Linear'] ignore=['lm_head'] scheme='W4A16' kv_cache_scheme=None index=0 group='default' start=None end=None update=None initialized_=True finalized_=False started_=True ended_=False sequential_update=True sequential_targets=None block_size=128 dampening_frac=0.01 actorder=None offload_hessians=False added <torch.utils.hooks.RemovableHandle object at 0x7237511a8800>
2026-07-30 02:48:20.973 | DEBUG    | llmcompressor.modifiers.utils.hooks:register_hook:98 - config_groups=None targets=['Linear'] ignore=['lm_head'] scheme='W4A16' kv_cache_scheme=None index=0 group='default' start=None end=None update=None initialized_=True finalized_=False started_=True ended_=False sequential_update=True sequential_targets=None block_size=128 dampening_frac=0.01 actorder=None offload_hessians=False added <torch.utils.hooks.RemovableHandle object at 0x7237511a88f0>
2026-07-30 02:48:20.973 | DEBUG    | llmcompressor.modifiers.utils.hooks:register_hook:98 - config_groups=None targets=['Linear'] ignore=['lm_head'] scheme='W4A16' kv_cache_scheme=None index=0 group='default' start=None end=None update=None initialized_=True finalized_=False started_=True ended_=False sequential_update=True sequential_targets=None block_size=128 dampening_frac=0.01 actorder=None offload_hessians=False added <torch.utils.hooks.RemovableHandle object at 0x7237511a8860>
2026-07-30 02:48:20.973 | DEBUG    | llmcompressor.modifiers.utils.hooks:register_hook:98 - config_groups=None targets=['Linear'] ignore=['lm_head'] scheme='W4A16' kv_cache_scheme=None index=0 group='default' start=None end=None update=None initialized_=True finalized_=False started_=True ended_=False sequential_update=True sequential_targets=None block_size=128 dampening_frac=0.01 actorder=None offload_hessians=False added <torch.utils.hooks.RemovableHandle object at 0x7237511a8a40>
2026-07-30 02:48:20.974 | DEBUG    | llmcompressor.modifiers.utils.hooks:register_hook:98 - config_groups=None targets=['Linear'] ignore=['lm_head'] scheme='W4A16' kv_cache_scheme=None index=0 group='default' start=None end=None update=None initialized_=True finalized_=False started_=True ended_=False sequential_update=True sequential_targets=None block_size=128 dampening_frac=0.01 actorder=None offload_hessians=False added <torch.utils.hooks.RemovableHandle object at 0x7237511a8950>
2026-07-30 02:48:20.974 | DEBUG    | llmcompressor.modifiers.utils.hooks:register_hook:98 - config_groups=None targets=['Linear'] ignore=['lm_head'] scheme='W4A16' kv_cache_scheme=None index=0 group='default' start=None end=None update=None initialized_=True finalized_=False started_=True ended_=False sequential_update=True sequential_targets=None block_size=128 dampening_frac=0.01 actorder=None offload_hessians=False added <torch.utils.hooks.RemovableHandle object at 0x7237511a8bc0>
2026-07-30 02:48:20.974 | DEBUG    | llmcompressor.modifiers.utils.hooks:register_hook:98 - config_groups=None targets=['Linear'] ignore=['lm_head'] scheme='W4A16' kv_cache_scheme=None index=0 group='default' start=None end=None update=None initialized_=True finalized_=False started_=True ended_=False sequential_update=True sequential_targets=None block_size=128 dampening_frac=0.01 actorder=None offload_hessians=False added <torch.utils.hooks.RemovableHandle object at 0x7237511a8c80>
2026-07-30 02:48:20.974 | DEBUG    | llmcompressor.modifiers.utils.hooks:register_hook:98 - config_groups=None targets=['Linear'] ignore=['lm_head'] scheme='W4A16' kv_cache_scheme=None index=0 group='default' start=None end=None update=None initialized_=True finalized_=False started_=True ended_=False sequential_update=True sequential_targets=None block_size=128 dampening_frac=0.01 actorder=None offload_hessians=False added <torch.utils.hooks.RemovableHandle object at 0x7237511a8d40>
2026-07-30 02:48:20.974 | DEBUG    | llmcompressor.modifiers.utils.hooks:register_hook:98 - config_groups=None targets=['Linear'] ignore=['lm_head'] scheme='W4A16' kv_cache_scheme=None index=0 group='default' start=None end=None update=None initialized_=True finalized_=False started_=True ended_=False sequential_update=True sequential_targets=None block_size=128 dampening_frac=0.01 actorder=None offload_hessians=False added <torch.utils.hooks.RemovableHandle object at 0x7237511a8e00>
2026-07-30 02:48:20.974 | DEBUG    | llmcompressor.modifiers.utils.hooks:register_hook:98 - config_groups=None targets=['Linear'] ignore=['lm_head'] scheme='W4A16' kv_cache_scheme=None index=0 group='default' start=None end=None update=None initialized_=True finalized_=False started_=True ended_=False sequential_update=True sequential_targets=None block_size=128 dampening_frac=0.01 actorder=None offload_hessians=False added <torch.utils.hooks.RemovableHandle object at 0x7237511a8ef0>
2026-07-30 02:48:20.974 | DEBUG    | llmcompressor.modifiers.utils.hooks:register_hook:98 - config_groups=None targets=['Linear'] ignore=['lm_head'] scheme='W4A16' kv_cache_scheme=None index=0 group='default' start=None end=None update=None initialized_=True finalized_=False started_=True ended_=False sequential_update=True sequential_targets=None block_size=128 dampening_frac=0.01 actorder=None offload_hessians=False added <torch.utils.hooks.RemovableHandle object at 0x7237511a8f80>
2026-07-30 02:48:20.974 | DEBUG    | llmcompressor.modifiers.utils.hooks:register_hook:98 - config_groups=None targets=['Linear'] ignore=['lm_head'] scheme='W4A16' kv_cache_scheme=None index=0 group='default' start=None end=None update=None initialized_=True finalized_=False started_=True ended_=False sequential_update=True sequential_targets=None block_size=128 dampening_frac=0.01 actorder=None offload_hessians=False added <torch.utils.hooks.RemovableHandle object at 0x7237511a9010>
2026-07-30 02:48:20.974 | DEBUG    | llmcompressor.modifiers.utils.hooks:register_hook:98 - config_groups=None targets=['Linear'] ignore=['lm_head'] scheme='W4A16' kv_cache_scheme=None index=0 group='default' start=None end=None update=None initialized_=True finalized_=False started_=True ended_=False sequential_update=True sequential_targets=None block_size=128 dampening_frac=0.01 actorder=None offload_hessians=False added <torch.utils.hooks.RemovableHandle object at 0x7237511a90d0>
2026-07-30 02:48:20.975 | DEBUG    | llmcompressor.modifiers.utils.hooks:register_hook:98 - config_groups=None targets=['Linear'] ignore=['lm_head'] scheme='W4A16' kv_cache_scheme=None index=0 group='default' start=None end=None update=None initialized_=True finalized_=False started_=True ended_=False sequential_update=True sequential_targets=None block_size=128 dampening_frac=0.01 actorder=None offload_hessians=False added <torch.utils.hooks.RemovableHandle object at 0x7237511a91c0>
2026-07-30 02:48:20.975 | DEBUG    | llmcompressor.modifiers.utils.hooks:register_hook:98 - config_groups=None targets=['Linear'] ignore=['lm_head'] scheme='W4A16' kv_cache_scheme=None index=0 group='default' start=None end=None update=None initialized_=True finalized_=False started_=True ended_=False sequential_update=True sequential_targets=None block_size=128 dampening_frac=0.01 actorder=None offload_hessians=False added <torch.utils.hooks.RemovableHandle object at 0x7237511a9280>
2026-07-30 02:48:20.975 | DEBUG    | llmcompressor.modifiers.utils.hooks:register_hook:98 - config_groups=None targets=['Linear'] ignore=['lm_head'] scheme='W4A16' kv_cache_scheme=None index=0 group='default' start=None end=None update=None initialized_=True finalized_=False started_=True ended_=False sequential_update=True sequential_targets=None block_size=128 dampening_frac=0.01 actorder=None offload_hessians=False added <torch.utils.hooks.RemovableHandle object at 0x7237511a9370>
2026-07-30 02:48:20.975 | DEBUG    | llmcompressor.modifiers.utils.hooks:register_hook:98 - config_groups=None targets=['Linear'] ignore=['lm_head'] scheme='W4A16' kv_cache_scheme=None index=0 group='default' start=None end=None update=None initialized_=True finalized_=False started_=True ended_=False sequential_update=True sequential_targets=None block_size=128 dampening_frac=0.01 actorder=None offload_hessians=False added <torch.utils.hooks.RemovableHandle object at 0x723794f14920>
2026-07-30 02:48:20.975 | DEBUG    | llmcompressor.modifiers.utils.hooks:register_hook:98 - config_groups=None targets=['Linear'] ignore=['lm_head'] scheme='W4A16' kv_cache_scheme=None index=0 group='default' start=None end=None update=None initialized_=True finalized_=False started_=True ended_=False sequential_update=True sequential_targets=None block_size=128 dampening_frac=0.01 actorder=None offload_hessians=False added <torch.utils.hooks.RemovableHandle object at 0x7237511a9430>
2026-07-30 02:48:20.975 | DEBUG    | llmcompressor.modifiers.utils.hooks:register_hook:98 - config_groups=None targets=['Linear'] ignore=['lm_head'] scheme='W4A16' kv_cache_scheme=None index=0 group='default' start=None end=None update=None initialized_=True finalized_=False started_=True ended_=False sequential_update=True sequential_targets=None block_size=128 dampening_frac=0.01 actorder=None offload_hessians=False added <torch.utils.hooks.RemovableHandle object at 0x7237511a9520>
2026-07-30 02:48:20.975 | DEBUG    | llmcompressor.modifiers.utils.hooks:register_hook:98 - config_groups=None targets=['Linear'] ignore=['lm_head'] scheme='W4A16' kv_cache_scheme=None index=0 group='default' start=None end=None update=None initialized_=True finalized_=False started_=True ended_=False sequential_update=True sequential_targets=None block_size=128 dampening_frac=0.01 actorder=None offload_hessians=False added <torch.utils.hooks.RemovableHandle object at 0x7237511a95e0>
2026-07-30 02:48:20.975 | DEBUG    | llmcompressor.modifiers.utils.hooks:register_hook:98 - config_groups=None targets=['Linear'] ignore=['lm_head'] scheme='W4A16' kv_cache_scheme=None index=0 group='default' start=None end=None update=None initialized_=True finalized_=False started_=True ended_=False sequential_update=True sequential_targets=None block_size=128 dampening_frac=0.01 actorder=None offload_hessians=False added <torch.utils.hooks.RemovableHandle object at 0x7237511a96d0>
2026-07-30 02:48:20.976 | DEBUG    | llmcompressor.modifiers.utils.hooks:register_hook:98 - config_groups=None targets=['Linear'] ignore=['lm_head'] scheme='W4A16' kv_cache_scheme=None index=0 group='default' start=None end=None update=None initialized_=True finalized_=False started_=True ended_=False sequential_update=True sequential_targets=None block_size=128 dampening_frac=0.01 actorder=None offload_hessians=False added <torch.utils.hooks.RemovableHandle object at 0x7237511a97c0>
2026-07-30 02:48:20.976 | DEBUG    | llmcompressor.modifiers.utils.hooks:register_hook:98 - config_groups=None targets=['Linear'] ignore=['lm_head'] scheme='W4A16' kv_cache_scheme=None index=0 group='default' start=None end=None update=None initialized_=True finalized_=False started_=True ended_=False sequential_update=True sequential_targets=None block_size=128 dampening_frac=0.01 actorder=None offload_hessians=False added <torch.utils.hooks.RemovableHandle object at 0x7237511a98b0>
2026-07-30 02:48:20.976 | DEBUG    | llmcompressor.modifiers.utils.hooks:register_hook:98 - config_groups=None targets=['Linear'] ignore=['lm_head'] scheme='W4A16' kv_cache_scheme=None index=0 group='default' start=None end=None update=None initialized_=True finalized_=False started_=True ended_=False sequential_update=True sequential_targets=None block_size=128 dampening_frac=0.01 actorder=None offload_hessians=False added <torch.utils.hooks.RemovableHandle object at 0x7237511a99a0>
2026-07-30 02:48:20.976 | DEBUG    | llmcompressor.modifiers.utils.hooks:register_hook:98 - config_groups=None targets=['Linear'] ignore=['lm_head'] scheme='W4A16' kv_cache_scheme=None index=0 group='default' start=None end=None update=None initialized_=True finalized_=False started_=True ended_=False sequential_update=True sequential_targets=None block_size=128 dampening_frac=0.01 actorder=None offload_hessians=False added <torch.utils.hooks.RemovableHandle object at 0x7237511a9a90>
2026-07-30 02:48:20.976 | DEBUG    | llmcompressor.modifiers.utils.hooks:register_hook:98 - config_groups=None targets=['Linear'] ignore=['lm_head'] scheme='W4A16' kv_cache_scheme=None index=0 group='default' start=None end=None update=None initialized_=True finalized_=False started_=True ended_=False sequential_update=True sequential_targets=None block_size=128 dampening_frac=0.01 actorder=None offload_hessians=False added <torch.utils.hooks.RemovableHandle object at 0x7237511a9b80>
2026-07-30 02:48:20.976 | DEBUG    | llmcompressor.modifiers.utils.hooks:register_hook:98 - config_groups=None targets=['Linear'] ignore=['lm_head'] scheme='W4A16' kv_cache_scheme=None index=0 group='default' start=None end=None update=None initialized_=True finalized_=False started_=True ended_=False sequential_update=True sequential_targets=None block_size=128 dampening_frac=0.01 actorder=None offload_hessians=False added <torch.utils.hooks.RemovableHandle object at 0x7237511a9c70>
2026-07-30 02:48:20.976 | DEBUG    | llmcompressor.modifiers.utils.hooks:register_hook:98 - config_groups=None targets=['Linear'] ignore=['lm_head'] scheme='W4A16' kv_cache_scheme=None index=0 group='default' start=None end=None update=None initialized_=True finalized_=False started_=True ended_=False sequential_update=True sequential_targets=None block_size=128 dampening_frac=0.01 actorder=None offload_hessians=False added <torch.utils.hooks.RemovableHandle object at 0x7237511a9760>
2026-07-30 02:48:20.976 | DEBUG    | llmcompressor.modifiers.utils.hooks:register_hook:98 - config_groups=None targets=['Linear'] ignore=['lm_head'] scheme='W4A16' kv_cache_scheme=None index=0 group='default' start=None end=None update=None initialized_=True finalized_=False started_=True ended_=False sequential_update=True sequential_targets=None block_size=128 dampening_frac=0.01 actorder=None offload_hessians=False added <torch.utils.hooks.RemovableHandle object at 0x7237511a9490>
2026-07-30 02:48:20.977 | DEBUG    | llmcompressor.modifiers.utils.hooks:register_hook:98 - config_groups=None targets=['Linear'] ignore=['lm_head'] scheme='W4A16' kv_cache_scheme=None index=0 group='default' start=None end=None update=None initialized_=True finalized_=False started_=True ended_=False sequential_update=True sequential_targets=None block_size=128 dampening_frac=0.01 actorder=None offload_hessians=False added <torch.utils.hooks.RemovableHandle object at 0x7237511a9df0>
2026-07-30 02:48:20.977 | DEBUG    | llmcompressor.modifiers.utils.hooks:register_hook:98 - config_groups=None targets=['Linear'] ignore=['lm_head'] scheme='W4A16' kv_cache_scheme=None index=0 group='default' start=None end=None update=None initialized_=True finalized_=False started_=True ended_=False sequential_update=True sequential_targets=None block_size=128 dampening_frac=0.01 actorder=None offload_hessians=False added <torch.utils.hooks.RemovableHandle object at 0x7237511a9eb0>
2026-07-30 02:48:20.977 | DEBUG    | llmcompressor.modifiers.utils.hooks:register_hook:98 - config_groups=None targets=['Linear'] ignore=['lm_head'] scheme='W4A16' kv_cache_scheme=None index=0 group='default' start=None end=None update=None initialized_=True finalized_=False started_=True ended_=False sequential_update=True sequential_targets=None block_size=128 dampening_frac=0.01 actorder=None offload_hessians=False added <torch.utils.hooks.RemovableHandle object at 0x7237511a9fa0>
2026-07-30 02:48:20.977 | DEBUG    | llmcompressor.modifiers.utils.hooks:register_hook:98 - config_groups=None targets=['Linear'] ignore=['lm_head'] scheme='W4A16' kv_cache_scheme=None index=0 group='default' start=None end=None update=None initialized_=True finalized_=False started_=True ended_=False sequential_update=True sequential_targets=None block_size=128 dampening_frac=0.01 actorder=None offload_hessians=False added <torch.utils.hooks.RemovableHandle object at 0x7237511aa090>
2026-07-30 02:48:20.977 | DEBUG    | llmcompressor.modifiers.utils.hooks:register_hook:98 - config_groups=None targets=['Linear'] ignore=['lm_head'] scheme='W4A16' kv_cache_scheme=None index=0 group='default' start=None end=None update=None initialized_=True finalized_=False started_=True ended_=False sequential_update=True sequential_targets=None block_size=128 dampening_frac=0.01 actorder=None offload_hessians=False added <torch.utils.hooks.RemovableHandle object at 0x7237511aa120>
2026-07-30 02:48:20.977 | DEBUG    | llmcompressor.modifiers.utils.hooks:register_hook:98 - config_groups=None targets=['Linear'] ignore=['lm_head'] scheme='W4A16' kv_cache_scheme=None index=0 group='default' start=None end=None update=None initialized_=True finalized_=False started_=True ended_=False sequential_update=True sequential_targets=None block_size=128 dampening_frac=0.01 actorder=None offload_hessians=False added <torch.utils.hooks.RemovableHandle object at 0x723794088ec0>
2026-07-30 02:48:20.978 | DEBUG    | llmcompressor.modifiers.utils.hooks:register_hook:98 - config_groups=None targets=['Linear'] ignore=['lm_head'] scheme='W4A16' kv_cache_scheme=None index=0 group='default' start=None end=None update=None initialized_=True finalized_=False started_=True ended_=False sequential_update=True sequential_targets=None block_size=128 dampening_frac=0.01 actorder=None offload_hessians=False added <torch.utils.hooks.RemovableHandle object at 0x7237511aa1e0>
2026-07-30 02:48:20.978 | DEBUG    | llmcompressor.modifiers.utils.hooks:register_hook:98 - config_groups=None targets=['Linear'] ignore=['lm_head'] scheme='W4A16' kv_cache_scheme=None index=0 group='default' start=None end=None update=None initialized_=True finalized_=False started_=True ended_=False sequential_update=True sequential_targets=None block_size=128 dampening_frac=0.01 actorder=None offload_hessians=False added <torch.utils.hooks.RemovableHandle object at 0x7237511aa300>
2026-07-30 02:48:20.978 | DEBUG    | llmcompressor.modifiers.utils.hooks:register_hook:98 - config_groups=None targets=['Linear'] ignore=['lm_head'] scheme='W4A16' kv_cache_scheme=None index=0 group='default' start=None end=None update=None initialized_=True finalized_=False started_=True ended_=False sequential_update=True sequential_targets=None block_size=128 dampening_frac=0.01 actorder=None offload_hessians=False added <torch.utils.hooks.RemovableHandle object at 0x7237511aa3f0>
2026-07-30 02:48:20.978 | DEBUG    | llmcompressor.modifiers.utils.hooks:register_hook:98 - config_groups=None targets=['Linear'] ignore=['lm_head'] scheme='W4A16' kv_cache_scheme=None index=0 group='default' start=None end=None update=None initialized_=True finalized_=False started_=True ended_=False sequential_update=True sequential_targets=None block_size=128 dampening_frac=0.01 actorder=None offload_hessians=False added <torch.utils.hooks.RemovableHandle object at 0x7237511aa450>
2026-07-30 02:48:20.978 | DEBUG    | llmcompressor.modifiers.utils.hooks:register_hook:98 - config_groups=None targets=['Linear'] ignore=['lm_head'] scheme='W4A16' kv_cache_scheme=None index=0 group='default' start=None end=None update=None initialized_=True finalized_=False started_=True ended_=False sequential_update=True sequential_targets=None block_size=128 dampening_frac=0.01 actorder=None offload_hessians=False added <torch.utils.hooks.RemovableHandle object at 0x7237511aa4e0>
2026-07-30 02:48:20.978 | DEBUG    | llmcompressor.modifiers.utils.hooks:register_hook:98 - config_groups=None targets=['Linear'] ignore=['lm_head'] scheme='W4A16' kv_cache_scheme=None index=0 group='default' start=None end=None update=None initialized_=True finalized_=False started_=True ended_=False sequential_update=True sequential_targets=None block_size=128 dampening_frac=0.01 actorder=None offload_hessians=False added <torch.utils.hooks.RemovableHandle object at 0x7237511aa360>
2026-07-30 02:48:20.978 | DEBUG    | llmcompressor.modifiers.utils.hooks:register_hook:98 - config_groups=None targets=['Linear'] ignore=['lm_head'] scheme='W4A16' kv_cache_scheme=None index=0 group='default' start=None end=None update=None initialized_=True finalized_=False started_=True ended_=False sequential_update=True sequential_targets=None block_size=128 dampening_frac=0.01 actorder=None offload_hessians=False added <torch.utils.hooks.RemovableHandle object at 0x72379505fb00>
2026-07-30 02:48:20.978 | DEBUG    | llmcompressor.modifiers.utils.hooks:register_hook:98 - config_groups=None targets=['Linear'] ignore=['lm_head'] scheme='W4A16' kv_cache_scheme=None index=0 group='default' start=None end=None update=None initialized_=True finalized_=False started_=True ended_=False sequential_update=True sequential_targets=None block_size=128 dampening_frac=0.01 actorder=None offload_hessians=False added <torch.utils.hooks.RemovableHandle object at 0x7237511aa660>
2026-07-30 02:48:20.978 | DEBUG    | llmcompressor.modifiers.utils.hooks:register_hook:98 - config_groups=None targets=['Linear'] ignore=['lm_head'] scheme='W4A16' kv_cache_scheme=None index=0 group='default' start=None end=None update=None initialized_=True finalized_=False started_=True ended_=False sequential_update=True sequential_targets=None block_size=128 dampening_frac=0.01 actorder=None offload_hessians=False added <torch.utils.hooks.RemovableHandle object at 0x7237511aa750>
2026-07-30 02:48:20.979 | DEBUG    | llmcompressor.core.lifecycle:event:201 - Updated event with modifier: modifiers=[GPTQModifier(config_groups=None, targets=['Linear'], ignore=['lm_head'], scheme='W4A16', kv_cache_scheme=None, index=0, group='default', start=None, end=None, update=None, initialized_=True, finalized_=False, started_=True, ended_=False, sequential_update=True, sequential_targets=None, block_size=128, dampening_frac=0.01, actorder=None, offload_hessians=False)] index=0 group='GPTQModifier' applied=False
