2026-07-30 11:21:28.055 | DEBUG    | llmcompressor.transformers.finetune.data.base:load_dataset:186 - Loading dataset Salesforce/wikitext
2026-07-30 11:21:28.991 | DEBUG    | llmcompressor.transformers.finetune.data.base:__call__:91 - Raw dataset: ['text', 'text', 'text']
2026-07-30 11:21:28.991 | DEBUG    | llmcompressor.transformers.finetune.data.base:__call__:107 - Dataset after column renaming: ['text', 'text', 'text']
2026-07-30 11:21:28.992 | DEBUG    | llmcompressor.transformers.finetune.data.base:filter_tokenizer_args:239 - Found processor args `{'text_target', 'return_overflowing_tokens', 'truncation', 'return_token_type_ids', 'is_split_into_words', 'pad_to_multiple_of', 'return_offsets_mapping', 'stride', 'text_pair_target', 'return_tensors', 'padding_side', 'text', 'text_pair', 'max_length', 'verbose', 'return_attention_mask', 'padding', 'return_special_tokens_mask', 'return_length', 'add_special_tokens'}`. Removing all other columns
2026-07-30 11:21:28.995 | DEBUG    | llmcompressor.transformers.finetune.data.base:__call__:114 - Tokenizer args after filtering: ['text', 'text', 'text']
2026-07-30 11:22:11.574 | DEBUG    | llmcompressor.transformers.finetune.data.base:__call__:128 - Model kwargs after tokenizing: ['input_ids', 'attention_mask', 'input_ids', 'attention_mask', 'input_ids', 'attention_mask']
2026-07-30 11:22:11.574 | DEBUG    | llmcompressor.transformers.finetune.data.base:__call__:158 - Model kwargs after postprocessing: ['input_ids', 'attention_mask', 'input_ids', 'attention_mask', 'input_ids', 'attention_mask']
2026-07-30 11:22:11.592 | DEBUG    | llmcompressor.core.lifecycle:reset:61 - Resetting compression lifecycle
2026-07-30 11:22:11.593 | INFO     | llmcompressor.core.lifecycle:reset:73 - Compression lifecycle reset
2026-07-30 11:22:11.594 | DEBUG    | llmcompressor.core.state:update:182 - Updating state with provided parameters: {'model': Qwen3ForCausalLM(
  (model): Qwen3Model(
    (embed_tokens): Embedding(151936, 1024)
    (layers): ModuleList(
      (0-27): 28 x Qwen3DecoderLayer(
        (self_attn): Qwen3Attention(
          (q_proj): Linear(in_features=1024, out_features=2048, bias=False)
          (k_proj): Linear(in_features=1024, out_features=1024, bias=False)
          (v_proj): Linear(in_features=1024, out_features=1024, bias=False)
          (o_proj): Linear(in_features=2048, out_features=1024, bias=False)
          (q_norm): Qwen3RMSNorm((128,), eps=1e-06)
          (k_norm): Qwen3RMSNorm((128,), eps=1e-06)
        )
        (mlp): Qwen3MLP(
          (gate_proj): Linear(in_features=1024, out_features=3072, bias=False)
          (up_proj): Linear(in_features=1024, out_features=3072, bias=False)
          (down_proj): Linear(in_features=3072, out_features=1024, bias=False)
          (act_fn): SiLU()
        )
        (input_layernorm): Qwen3RMSNorm((1024,), eps=1e-06)
        (post_attention_layernorm): Qwen3RMSNorm((1024,), eps=1e-06)
      )
    )
    (norm): Qwen3RMSNorm((1024,), eps=1e-06)
    (rotary_emb): Qwen3RotaryEmbedding()
  )
  (lm_head): Linear(in_features=1024, out_features=151936, bias=False)
), 'teacher_model': None, 'optimizer': None, 'attach_optim_callbacks': True, 'train_data': None, 'val_data': None, 'test_data': None, 'calib_data': <torch.utils.data.dataloader.DataLoader object at 0x78850bcbb4d0>, 'copy_data': True, 'start': -1, 'steps_per_epoch': None, 'batches_per_step': None, 'loggers': None, 'model_log_cadence': None, 'kwargs': {}}
2026-07-30 11:22:11.598 | DEBUG    | llmcompressor.core.lifecycle:initialize:94 - Initializing compression lifecycle
2026-07-30 11:22:11.598 | INFO     | llmcompressor.recipe.recipe:from_modifiers:59 - Creating recipe from modifiers
2026-07-30 11:22:11.704 | DEBUG    | llmcompressor.core.lifecycle:initialize:103 - Initialized modifier: modifiers=[GPTQModifier(config_groups=None, targets=['Linear'], ignore=['lm_head'], scheme='W4A16', kv_cache_scheme=None, index=0, group='default', start=None, end=None, update=None, initialized_=True, finalized_=False, started_=False, ended_=False, sequential_update=True, sequential_targets=None, block_size=128, dampening_frac=0.01, actorder=None, offload_hessians=False)] index=0 group='default' applied=False
2026-07-30 11:22:11.704 | INFO     | llmcompressor.core.lifecycle:initialize:108 - Compression lifecycle initialized for 1 modifiers
2026-07-30 11:22:11.706 | INFO     | llmcompressor.pipelines.independent.pipeline:IndependentPipeline:47 - Inferred `SequentialPipeline` for `GPTQModifier`
2026-07-30 11:22:13.363 | DEBUG    | llmcompressor.pipelines.sequential.ast_utils.auto_wrapper:_wrap_if_possible:183 - ---- Autowrapper ----
2026-07-30 11:22:13.364 | DEBUG    | llmcompressor.pipelines.sequential.ast_utils.auto_wrapper:_wrap_if_possible:184 - if labels is not None:
    loss = self.loss_function(logits=logits, labels=labels, vocab_size=self.config.vocab_size, **kwargs)
2026-07-30 11:22:13.364 | DEBUG    | llmcompressor.pipelines.sequential.ast_utils.auto_wrapper:_wrap_if_possible:185 - ---------------------
2026-07-30 11:22:13.370 | DEBUG    | llmcompressor.pipelines.sequential.ast_utils.auto_wrapper:_wrap_if_possible:183 - ---- Autowrapper ----
2026-07-30 11:22:13.370 | DEBUG    | llmcompressor.pipelines.sequential.ast_utils.auto_wrapper:_wrap_if_possible:184 - if (input_ids is None) ^ (inputs_embeds is not None):
    raise ValueError('You must specify exactly one of input_ids or inputs_embeds')
2026-07-30 11:22:13.370 | DEBUG    | llmcompressor.pipelines.sequential.ast_utils.auto_wrapper:_wrap_if_possible:185 - ---------------------
2026-07-30 11:22:13.371 | DEBUG    | llmcompressor.pipelines.sequential.ast_utils.auto_wrapper:_wrap_if_possible:183 - ---- Autowrapper ----
2026-07-30 11:22:13.371 | DEBUG    | llmcompressor.pipelines.sequential.ast_utils.auto_wrapper:_wrap_if_possible:184 - if not isinstance(past_key_values, (type(None), Cache)):
    raise ValueError('The `past_key_values` should be either a `Cache` object or `None`.')
2026-07-30 11:22:13.371 | DEBUG    | llmcompressor.pipelines.sequential.ast_utils.auto_wrapper:_wrap_if_possible:185 - ---------------------
2026-07-30 11:22:13.371 | DEBUG    | llmcompressor.pipelines.sequential.ast_utils.auto_wrapper:_wrap_if_possible:183 - ---- Autowrapper ----
2026-07-30 11:22:13.371 | DEBUG    | llmcompressor.pipelines.sequential.ast_utils.auto_wrapper:_wrap_if_possible:184 - if inputs_embeds is None:
    inputs_embeds = self.embed_tokens(input_ids)
2026-07-30 11:22:13.372 | DEBUG    | llmcompressor.pipelines.sequential.ast_utils.auto_wrapper:_wrap_if_possible:185 - ---------------------
2026-07-30 11:22:13.372 | DEBUG    | llmcompressor.pipelines.sequential.ast_utils.auto_wrapper:_wrap_if_possible:183 - ---- Autowrapper ----
2026-07-30 11:22:13.372 | DEBUG    | llmcompressor.pipelines.sequential.ast_utils.auto_wrapper:_wrap_if_possible:184 - if use_cache and past_key_values is None:
    past_key_values = DynamicCache()
2026-07-30 11:22:13.372 | DEBUG    | llmcompressor.pipelines.sequential.ast_utils.auto_wrapper:_wrap_if_possible:185 - ---------------------
2026-07-30 11:22:13.373 | DEBUG    | llmcompressor.pipelines.sequential.ast_utils.auto_wrapper:_wrap_if_possible:183 - ---- Autowrapper ----
2026-07-30 11:22:13.373 | DEBUG    | llmcompressor.pipelines.sequential.ast_utils.auto_wrapper:_wrap_if_possible:184 - if cache_position is None:
    past_seen_tokens = past_key_values.get_seq_length() if past_key_values is not None else 0
    cache_position = torch.arange(past_seen_tokens, past_seen_tokens + inputs_embeds.shape[1], device=inputs_embeds.device)
2026-07-30 11:22:13.373 | DEBUG    | llmcompressor.pipelines.sequential.ast_utils.auto_wrapper:_wrap_if_possible:185 - ---------------------
2026-07-30 11:22:13.373 | DEBUG    | llmcompressor.pipelines.sequential.ast_utils.auto_wrapper:_wrap_if_possible:183 - ---- Autowrapper ----
2026-07-30 11:22:13.374 | DEBUG    | llmcompressor.pipelines.sequential.ast_utils.auto_wrapper:_wrap_if_possible:184 - if position_ids is None:
    position_ids = cache_position.unsqueeze(0)
2026-07-30 11:22:13.374 | DEBUG    | llmcompressor.pipelines.sequential.ast_utils.auto_wrapper:_wrap_if_possible:185 - ---------------------
2026-07-30 11:22:13.374 | DEBUG    | llmcompressor.pipelines.sequential.ast_utils.auto_wrapper:_wrap_if_possible:189 - ---- Autowrapper ----
2026-07-30 11:22:13.374 | DEBUG    | llmcompressor.pipelines.sequential.ast_utils.auto_wrapper:_wrap_if_possible:190 - self._update_causal_mask(attention_mask, inputs_embeds, cache_position, past_key_values, output_attentions)
2026-07-30 11:22:13.374 | DEBUG    | llmcompressor.pipelines.sequential.ast_utils.auto_wrapper:_wrap_if_possible:191 - ---------------------
2026-07-30 11:22:13.375 | DEBUG    | llmcompressor.pipelines.sequential.ast_utils.auto_wrapper:_wrap_if_possible:183 - ---- Autowrapper ----
2026-07-30 11:22:13.375 | DEBUG    | llmcompressor.pipelines.sequential.ast_utils.auto_wrapper:_wrap_if_possible:184 - if output_hidden_states:
    all_hidden_states += (hidden_states,)
2026-07-30 11:22:13.375 | DEBUG    | llmcompressor.pipelines.sequential.ast_utils.auto_wrapper:_wrap_if_possible:185 - ---------------------
2026-07-30 11:22:13.375 | DEBUG    | llmcompressor.pipelines.sequential.ast_utils.auto_wrapper:_wrap_if_possible:183 - ---- Autowrapper ----
2026-07-30 11:22:13.375 | DEBUG    | llmcompressor.pipelines.sequential.ast_utils.auto_wrapper:_wrap_if_possible:184 - if output_attentions:
    all_self_attns += (layer_outputs[1],)
2026-07-30 11:22:13.376 | DEBUG    | llmcompressor.pipelines.sequential.ast_utils.auto_wrapper:_wrap_if_possible:185 - ---------------------
2026-07-30 11:22:13.376 | DEBUG    | llmcompressor.pipelines.sequential.ast_utils.auto_wrapper:_wrap_if_possible:183 - ---- Autowrapper ----
2026-07-30 11:22:13.376 | DEBUG    | llmcompressor.pipelines.sequential.ast_utils.auto_wrapper:_wrap_if_possible:184 - if output_hidden_states:
    all_hidden_states += (hidden_states,)
2026-07-30 11:22:13.376 | DEBUG    | llmcompressor.pipelines.sequential.ast_utils.auto_wrapper:_wrap_if_possible:185 - ---------------------
2026-07-30 11:22:13.593 | DEBUG    | llmcompressor.core.lifecycle:event:191 - Handling event: EventType.CALIBRATION_EPOCH_START
2026-07-30 11:22:13.600 | DEBUG    | llmcompressor.modifiers.utils.hooks:register_hook:98 - config_groups=None targets=['Linear'] ignore=['lm_head'] scheme='W4A16' kv_cache_scheme=None index=0 group='default' start=None end=None update=None initialized_=True finalized_=False started_=True ended_=False sequential_update=True sequential_targets=None block_size=128 dampening_frac=0.01 actorder=None offload_hessians=False added <torch.utils.hooks.RemovableHandle object at 0x78844b1a3050>
2026-07-30 11:22:13.601 | DEBUG    | llmcompressor.modifiers.utils.hooks:register_hook:98 - config_groups=None targets=['Linear'] ignore=['lm_head'] scheme='W4A16' kv_cache_scheme=None index=0 group='default' start=None end=None update=None initialized_=True finalized_=False started_=True ended_=False sequential_update=True sequential_targets=None block_size=128 dampening_frac=0.01 actorder=None offload_hessians=False added <torch.utils.hooks.RemovableHandle object at 0x78844b192d20>
2026-07-30 11:22:13.601 | DEBUG    | llmcompressor.modifiers.utils.hooks:register_hook:98 - config_groups=None targets=['Linear'] ignore=['lm_head'] scheme='W4A16' kv_cache_scheme=None index=0 group='default' start=None end=None update=None initialized_=True finalized_=False started_=True ended_=False sequential_update=True sequential_targets=None block_size=128 dampening_frac=0.01 actorder=None offload_hessians=False added <torch.utils.hooks.RemovableHandle object at 0x78844b192de0>
2026-07-30 11:22:13.601 | DEBUG    | llmcompressor.modifiers.utils.hooks:register_hook:98 - config_groups=None targets=['Linear'] ignore=['lm_head'] scheme='W4A16' kv_cache_scheme=None index=0 group='default' start=None end=None update=None initialized_=True finalized_=False started_=True ended_=False sequential_update=True sequential_targets=None block_size=128 dampening_frac=0.01 actorder=None offload_hessians=False added <torch.utils.hooks.RemovableHandle object at 0x788448f04140>
2026-07-30 11:22:13.601 | DEBUG    | llmcompressor.modifiers.utils.hooks:register_hook:98 - config_groups=None targets=['Linear'] ignore=['lm_head'] scheme='W4A16' kv_cache_scheme=None index=0 group='default' start=None end=None update=None initialized_=True finalized_=False started_=True ended_=False sequential_update=True sequential_targets=None block_size=128 dampening_frac=0.01 actorder=None offload_hessians=False added <torch.utils.hooks.RemovableHandle object at 0x788448f040b0>
2026-07-30 11:22:13.602 | DEBUG    | llmcompressor.modifiers.utils.hooks:register_hook:98 - config_groups=None targets=['Linear'] ignore=['lm_head'] scheme='W4A16' kv_cache_scheme=None index=0 group='default' start=None end=None update=None initialized_=True finalized_=False started_=True ended_=False sequential_update=True sequential_targets=None block_size=128 dampening_frac=0.01 actorder=None offload_hessians=False added <torch.utils.hooks.RemovableHandle object at 0x788448f04260>
2026-07-30 11:22:13.602 | DEBUG    | llmcompressor.modifiers.utils.hooks:register_hook:98 - config_groups=None targets=['Linear'] ignore=['lm_head'] scheme='W4A16' kv_cache_scheme=None index=0 group='default' start=None end=None update=None initialized_=True finalized_=False started_=True ended_=False sequential_update=True sequential_targets=None block_size=128 dampening_frac=0.01 actorder=None offload_hessians=False added <torch.utils.hooks.RemovableHandle object at 0x788448f04320>
2026-07-30 11:22:13.602 | DEBUG    | llmcompressor.modifiers.utils.hooks:register_hook:98 - config_groups=None targets=['Linear'] ignore=['lm_head'] scheme='W4A16' kv_cache_scheme=None index=0 group='default' start=None end=None update=None initialized_=True finalized_=False started_=True ended_=False sequential_update=True sequential_targets=None block_size=128 dampening_frac=0.01 actorder=None offload_hessians=False added <torch.utils.hooks.RemovableHandle object at 0x788448f043e0>
2026-07-30 11:22:13.602 | DEBUG    | llmcompressor.modifiers.utils.hooks:register_hook:98 - config_groups=None targets=['Linear'] ignore=['lm_head'] scheme='W4A16' kv_cache_scheme=None index=0 group='default' start=None end=None update=None initialized_=True finalized_=False started_=True ended_=False sequential_update=True sequential_targets=None block_size=128 dampening_frac=0.01 actorder=None offload_hessians=False added <torch.utils.hooks.RemovableHandle object at 0x788448f044a0>
2026-07-30 11:22:13.602 | DEBUG    | llmcompressor.modifiers.utils.hooks:register_hook:98 - config_groups=None targets=['Linear'] ignore=['lm_head'] scheme='W4A16' kv_cache_scheme=None index=0 group='default' start=None end=None update=None initialized_=True finalized_=False started_=True ended_=False sequential_update=True sequential_targets=None block_size=128 dampening_frac=0.01 actorder=None offload_hessians=False added <torch.utils.hooks.RemovableHandle object at 0x788448f04560>
2026-07-30 11:22:13.603 | DEBUG    | llmcompressor.modifiers.utils.hooks:register_hook:98 - config_groups=None targets=['Linear'] ignore=['lm_head'] scheme='W4A16' kv_cache_scheme=None index=0 group='default' start=None end=None update=None initialized_=True finalized_=False started_=True ended_=False sequential_update=True sequential_targets=None block_size=128 dampening_frac=0.01 actorder=None offload_hessians=False added <torch.utils.hooks.RemovableHandle object at 0x788448f04650>
2026-07-30 11:22:13.603 | DEBUG    | llmcompressor.modifiers.utils.hooks:register_hook:98 - config_groups=None targets=['Linear'] ignore=['lm_head'] scheme='W4A16' kv_cache_scheme=None index=0 group='default' start=None end=None update=None initialized_=True finalized_=False started_=True ended_=False sequential_update=True sequential_targets=None block_size=128 dampening_frac=0.01 actorder=None offload_hessians=False added <torch.utils.hooks.RemovableHandle object at 0x788448f046b0>
2026-07-30 11:22:13.603 | DEBUG    | llmcompressor.modifiers.utils.hooks:register_hook:98 - config_groups=None targets=['Linear'] ignore=['lm_head'] scheme='W4A16' kv_cache_scheme=None index=0 group='default' start=None end=None update=None initialized_=True finalized_=False started_=True ended_=False sequential_update=True sequential_targets=None block_size=128 dampening_frac=0.01 actorder=None offload_hessians=False added <torch.utils.hooks.RemovableHandle object at 0x788448f04740>
2026-07-30 11:22:13.603 | DEBUG    | llmcompressor.modifiers.utils.hooks:register_hook:98 - config_groups=None targets=['Linear'] ignore=['lm_head'] scheme='W4A16' kv_cache_scheme=None index=0 group='default' start=None end=None update=None initialized_=True finalized_=False started_=True ended_=False sequential_update=True sequential_targets=None block_size=128 dampening_frac=0.01 actorder=None offload_hessians=False added <torch.utils.hooks.RemovableHandle object at 0x788448f04800>
2026-07-30 11:22:13.603 | DEBUG    | llmcompressor.modifiers.utils.hooks:register_hook:98 - config_groups=None targets=['Linear'] ignore=['lm_head'] scheme='W4A16' kv_cache_scheme=None index=0 group='default' start=None end=None update=None initialized_=True finalized_=False started_=True ended_=False sequential_update=True sequential_targets=None block_size=128 dampening_frac=0.01 actorder=None offload_hessians=False added <torch.utils.hooks.RemovableHandle object at 0x788448f048c0>
2026-07-30 11:22:13.604 | DEBUG    | llmcompressor.modifiers.utils.hooks:register_hook:98 - config_groups=None targets=['Linear'] ignore=['lm_head'] scheme='W4A16' kv_cache_scheme=None index=0 group='default' start=None end=None update=None initialized_=True finalized_=False started_=True ended_=False sequential_update=True sequential_targets=None block_size=128 dampening_frac=0.01 actorder=None offload_hessians=False added <torch.utils.hooks.RemovableHandle object at 0x788448f04950>
2026-07-30 11:22:13.604 | DEBUG    | llmcompressor.modifiers.utils.hooks:register_hook:98 - config_groups=None targets=['Linear'] ignore=['lm_head'] scheme='W4A16' kv_cache_scheme=None index=0 group='default' start=None end=None update=None initialized_=True finalized_=False started_=True ended_=False sequential_update=True sequential_targets=None block_size=128 dampening_frac=0.01 actorder=None offload_hessians=False added <torch.utils.hooks.RemovableHandle object at 0x788448f04860>
2026-07-30 11:22:13.604 | DEBUG    | llmcompressor.modifiers.utils.hooks:register_hook:98 - config_groups=None targets=['Linear'] ignore=['lm_head'] scheme='W4A16' kv_cache_scheme=None index=0 group='default' start=None end=None update=None initialized_=True finalized_=False started_=True ended_=False sequential_update=True sequential_targets=None block_size=128 dampening_frac=0.01 actorder=None offload_hessians=False added <torch.utils.hooks.RemovableHandle object at 0x788448f04a70>
2026-07-30 11:22:13.604 | DEBUG    | llmcompressor.modifiers.utils.hooks:register_hook:98 - config_groups=None targets=['Linear'] ignore=['lm_head'] scheme='W4A16' kv_cache_scheme=None index=0 group='default' start=None end=None update=None initialized_=True finalized_=False started_=True ended_=False sequential_update=True sequential_targets=None block_size=128 dampening_frac=0.01 actorder=None offload_hessians=False added <torch.utils.hooks.RemovableHandle object at 0x788448f04b30>
2026-07-30 11:22:13.604 | DEBUG    | llmcompressor.modifiers.utils.hooks:register_hook:98 - config_groups=None targets=['Linear'] ignore=['lm_head'] scheme='W4A16' kv_cache_scheme=None index=0 group='default' start=None end=None update=None initialized_=True finalized_=False started_=True ended_=False sequential_update=True sequential_targets=None block_size=128 dampening_frac=0.01 actorder=None offload_hessians=False added <torch.utils.hooks.RemovableHandle object at 0x788448f04bc0>
2026-07-30 11:22:13.605 | DEBUG    | llmcompressor.modifiers.utils.hooks:register_hook:98 - config_groups=None targets=['Linear'] ignore=['lm_head'] scheme='W4A16' kv_cache_scheme=None index=0 group='default' start=None end=None update=None initialized_=True finalized_=False started_=True ended_=False sequential_update=True sequential_targets=None block_size=128 dampening_frac=0.01 actorder=None offload_hessians=False added <torch.utils.hooks.RemovableHandle object at 0x788448f04c50>
2026-07-30 11:22:13.605 | DEBUG    | llmcompressor.modifiers.utils.hooks:register_hook:98 - config_groups=None targets=['Linear'] ignore=['lm_head'] scheme='W4A16' kv_cache_scheme=None index=0 group='default' start=None end=None update=None initialized_=True finalized_=False started_=True ended_=False sequential_update=True sequential_targets=None block_size=128 dampening_frac=0.01 actorder=None offload_hessians=False added <torch.utils.hooks.RemovableHandle object at 0x788448f04d10>
2026-07-30 11:22:13.605 | DEBUG    | llmcompressor.modifiers.utils.hooks:register_hook:98 - config_groups=None targets=['Linear'] ignore=['lm_head'] scheme='W4A16' kv_cache_scheme=None index=0 group='default' start=None end=None update=None initialized_=True finalized_=False started_=True ended_=False sequential_update=True sequential_targets=None block_size=128 dampening_frac=0.01 actorder=None offload_hessians=False added <torch.utils.hooks.RemovableHandle object at 0x788448f04e00>
2026-07-30 11:22:13.605 | DEBUG    | llmcompressor.modifiers.utils.hooks:register_hook:98 - config_groups=None targets=['Linear'] ignore=['lm_head'] scheme='W4A16' kv_cache_scheme=None index=0 group='default' start=None end=None update=None initialized_=True finalized_=False started_=True ended_=False sequential_update=True sequential_targets=None block_size=128 dampening_frac=0.01 actorder=None offload_hessians=False added <torch.utils.hooks.RemovableHandle object at 0x788448f04d70>
2026-07-30 11:22:13.605 | DEBUG    | llmcompressor.modifiers.utils.hooks:register_hook:98 - config_groups=None targets=['Linear'] ignore=['lm_head'] scheme='W4A16' kv_cache_scheme=None index=0 group='default' start=None end=None update=None initialized_=True finalized_=False started_=True ended_=False sequential_update=True sequential_targets=None block_size=128 dampening_frac=0.01 actorder=None offload_hessians=False added <torch.utils.hooks.RemovableHandle object at 0x788448f04e90>
2026-07-30 11:22:13.606 | DEBUG    | llmcompressor.modifiers.utils.hooks:register_hook:98 - config_groups=None targets=['Linear'] ignore=['lm_head'] scheme='W4A16' kv_cache_scheme=None index=0 group='default' start=None end=None update=None initialized_=True finalized_=False started_=True ended_=False sequential_update=True sequential_targets=None block_size=128 dampening_frac=0.01 actorder=None offload_hessians=False added <torch.utils.hooks.RemovableHandle object at 0x788448f04f50>
2026-07-30 11:22:13.606 | DEBUG    | llmcompressor.modifiers.utils.hooks:register_hook:98 - config_groups=None targets=['Linear'] ignore=['lm_head'] scheme='W4A16' kv_cache_scheme=None index=0 group='default' start=None end=None update=None initialized_=True finalized_=False started_=True ended_=False sequential_update=True sequential_targets=None block_size=128 dampening_frac=0.01 actorder=None offload_hessians=False added <torch.utils.hooks.RemovableHandle object at 0x788448f05040>
2026-07-30 11:22:13.606 | DEBUG    | llmcompressor.modifiers.utils.hooks:register_hook:98 - config_groups=None targets=['Linear'] ignore=['lm_head'] scheme='W4A16' kv_cache_scheme=None index=0 group='default' start=None end=None update=None initialized_=True finalized_=False started_=True ended_=False sequential_update=True sequential_targets=None block_size=128 dampening_frac=0.01 actorder=None offload_hessians=False added <torch.utils.hooks.RemovableHandle object at 0x788448f05130>
2026-07-30 11:22:13.606 | DEBUG    | llmcompressor.modifiers.utils.hooks:register_hook:98 - config_groups=None targets=['Linear'] ignore=['lm_head'] scheme='W4A16' kv_cache_scheme=None index=0 group='default' start=None end=None update=None initialized_=True finalized_=False started_=True ended_=False sequential_update=True sequential_targets=None block_size=128 dampening_frac=0.01 actorder=None offload_hessians=False added <torch.utils.hooks.RemovableHandle object at 0x788448f05220>
2026-07-30 11:22:13.606 | DEBUG    | llmcompressor.modifiers.utils.hooks:register_hook:98 - config_groups=None targets=['Linear'] ignore=['lm_head'] scheme='W4A16' kv_cache_scheme=None index=0 group='default' start=None end=None update=None initialized_=True finalized_=False started_=True ended_=False sequential_update=True sequential_targets=None block_size=128 dampening_frac=0.01 actorder=None offload_hessians=False added <torch.utils.hooks.RemovableHandle object at 0x788448f05310>
2026-07-30 11:22:13.607 | DEBUG    | llmcompressor.modifiers.utils.hooks:register_hook:98 - config_groups=None targets=['Linear'] ignore=['lm_head'] scheme='W4A16' kv_cache_scheme=None index=0 group='default' start=None end=None update=None initialized_=True finalized_=False started_=True ended_=False sequential_update=True sequential_targets=None block_size=128 dampening_frac=0.01 actorder=None offload_hessians=False added <torch.utils.hooks.RemovableHandle object at 0x788448f05400>
2026-07-30 11:22:13.607 | DEBUG    | llmcompressor.modifiers.utils.hooks:register_hook:98 - config_groups=None targets=['Linear'] ignore=['lm_head'] scheme='W4A16' kv_cache_scheme=None index=0 group='default' start=None end=None update=None initialized_=True finalized_=False started_=True ended_=False sequential_update=True sequential_targets=None block_size=128 dampening_frac=0.01 actorder=None offload_hessians=False added <torch.utils.hooks.RemovableHandle object at 0x788448f054f0>
2026-07-30 11:22:13.607 | DEBUG    | llmcompressor.modifiers.utils.hooks:register_hook:98 - config_groups=None targets=['Linear'] ignore=['lm_head'] scheme='W4A16' kv_cache_scheme=None index=0 group='default' start=None end=None update=None initialized_=True finalized_=False started_=True ended_=False sequential_update=True sequential_targets=None block_size=128 dampening_frac=0.01 actorder=None offload_hessians=False added <torch.utils.hooks.RemovableHandle object at 0x788448f055e0>
2026-07-30 11:22:13.607 | DEBUG    | llmcompressor.modifiers.utils.hooks:register_hook:98 - config_groups=None targets=['Linear'] ignore=['lm_head'] scheme='W4A16' kv_cache_scheme=None index=0 group='default' start=None end=None update=None initialized_=True finalized_=False started_=True ended_=False sequential_update=True sequential_targets=None block_size=128 dampening_frac=0.01 actorder=None offload_hessians=False added <torch.utils.hooks.RemovableHandle object at 0x788448f056a0>
2026-07-30 11:22:13.607 | DEBUG    | llmcompressor.modifiers.utils.hooks:register_hook:98 - config_groups=None targets=['Linear'] ignore=['lm_head'] scheme='W4A16' kv_cache_scheme=None index=0 group='default' start=None end=None update=None initialized_=True finalized_=False started_=True ended_=False sequential_update=True sequential_targets=None block_size=128 dampening_frac=0.01 actorder=None offload_hessians=False added <torch.utils.hooks.RemovableHandle object at 0x788448f05790>
2026-07-30 11:22:13.607 | DEBUG    | llmcompressor.modifiers.utils.hooks:register_hook:98 - config_groups=None targets=['Linear'] ignore=['lm_head'] scheme='W4A16' kv_cache_scheme=None index=0 group='default' start=None end=None update=None initialized_=True finalized_=False started_=True ended_=False sequential_update=True sequential_targets=None block_size=128 dampening_frac=0.01 actorder=None offload_hessians=False added <torch.utils.hooks.RemovableHandle object at 0x788448f05880>
2026-07-30 11:22:13.608 | DEBUG    | llmcompressor.modifiers.utils.hooks:register_hook:98 - config_groups=None targets=['Linear'] ignore=['lm_head'] scheme='W4A16' kv_cache_scheme=None index=0 group='default' start=None end=None update=None initialized_=True finalized_=False started_=True ended_=False sequential_update=True sequential_targets=None block_size=128 dampening_frac=0.01 actorder=None offload_hessians=False added <torch.utils.hooks.RemovableHandle object at 0x788448f059a0>
2026-07-30 11:22:13.608 | DEBUG    | llmcompressor.modifiers.utils.hooks:register_hook:98 - config_groups=None targets=['Linear'] ignore=['lm_head'] scheme='W4A16' kv_cache_scheme=None index=0 group='default' start=None end=None update=None initialized_=True finalized_=False started_=True ended_=False sequential_update=True sequential_targets=None block_size=128 dampening_frac=0.01 actorder=None offload_hessians=False added <torch.utils.hooks.RemovableHandle object at 0x788448f05a30>
2026-07-30 11:22:13.608 | DEBUG    | llmcompressor.modifiers.utils.hooks:register_hook:98 - config_groups=None targets=['Linear'] ignore=['lm_head'] scheme='W4A16' kv_cache_scheme=None index=0 group='default' start=None end=None update=None initialized_=True finalized_=False started_=True ended_=False sequential_update=True sequential_targets=None block_size=128 dampening_frac=0.01 actorder=None offload_hessians=False added <torch.utils.hooks.RemovableHandle object at 0x788448f05b20>
2026-07-30 11:22:13.608 | DEBUG    | llmcompressor.modifiers.utils.hooks:register_hook:98 - config_groups=None targets=['Linear'] ignore=['lm_head'] scheme='W4A16' kv_cache_scheme=None index=0 group='default' start=None end=None update=None initialized_=True finalized_=False started_=True ended_=False sequential_update=True sequential_targets=None block_size=128 dampening_frac=0.01 actorder=None offload_hessians=False added <torch.utils.hooks.RemovableHandle object at 0x788448f05c40>
2026-07-30 11:22:13.608 | DEBUG    | llmcompressor.modifiers.utils.hooks:register_hook:98 - config_groups=None targets=['Linear'] ignore=['lm_head'] scheme='W4A16' kv_cache_scheme=None index=0 group='default' start=None end=None update=None initialized_=True finalized_=False started_=True ended_=False sequential_update=True sequential_targets=None block_size=128 dampening_frac=0.01 actorder=None offload_hessians=False added <torch.utils.hooks.RemovableHandle object at 0x788448f05cd0>
2026-07-30 11:22:13.609 | DEBUG    | llmcompressor.modifiers.utils.hooks:register_hook:98 - config_groups=None targets=['Linear'] ignore=['lm_head'] scheme='W4A16' kv_cache_scheme=None index=0 group='default' start=None end=None update=None initialized_=True finalized_=False started_=True ended_=False sequential_update=True sequential_targets=None block_size=128 dampening_frac=0.01 actorder=None offload_hessians=False added <torch.utils.hooks.RemovableHandle object at 0x788448f05dc0>
2026-07-30 11:22:13.609 | DEBUG    | llmcompressor.modifiers.utils.hooks:register_hook:98 - config_groups=None targets=['Linear'] ignore=['lm_head'] scheme='W4A16' kv_cache_scheme=None index=0 group='default' start=None end=None update=None initialized_=True finalized_=False started_=True ended_=False sequential_update=True sequential_targets=None block_size=128 dampening_frac=0.01 actorder=None offload_hessians=False added <torch.utils.hooks.RemovableHandle object at 0x788448f05eb0>
2026-07-30 11:22:13.609 | DEBUG    | llmcompressor.modifiers.utils.hooks:register_hook:98 - config_groups=None targets=['Linear'] ignore=['lm_head'] scheme='W4A16' kv_cache_scheme=None index=0 group='default' start=None end=None update=None initialized_=True finalized_=False started_=True ended_=False sequential_update=True sequential_targets=None block_size=128 dampening_frac=0.01 actorder=None offload_hessians=False added <torch.utils.hooks.RemovableHandle object at 0x788448f05f70>
2026-07-30 11:22:13.609 | DEBUG    | llmcompressor.modifiers.utils.hooks:register_hook:98 - config_groups=None targets=['Linear'] ignore=['lm_head'] scheme='W4A16' kv_cache_scheme=None index=0 group='default' start=None end=None update=None initialized_=True finalized_=False started_=True ended_=False sequential_update=True sequential_targets=None block_size=128 dampening_frac=0.01 actorder=None offload_hessians=False added <torch.utils.hooks.RemovableHandle object at 0x788448f06060>
2026-07-30 11:22:13.610 | DEBUG    | llmcompressor.modifiers.utils.hooks:register_hook:98 - config_groups=None targets=['Linear'] ignore=['lm_head'] scheme='W4A16' kv_cache_scheme=None index=0 group='default' start=None end=None update=None initialized_=True finalized_=False started_=True ended_=False sequential_update=True sequential_targets=None block_size=128 dampening_frac=0.01 actorder=None offload_hessians=False added <torch.utils.hooks.RemovableHandle object at 0x788448f06150>
2026-07-30 11:22:13.610 | DEBUG    | llmcompressor.modifiers.utils.hooks:register_hook:98 - config_groups=None targets=['Linear'] ignore=['lm_head'] scheme='W4A16' kv_cache_scheme=None index=0 group='default' start=None end=None update=None initialized_=True finalized_=False started_=True ended_=False sequential_update=True sequential_targets=None block_size=128 dampening_frac=0.01 actorder=None offload_hessians=False added <torch.utils.hooks.RemovableHandle object at 0x78844899fe30>
2026-07-30 11:22:13.610 | DEBUG    | llmcompressor.modifiers.utils.hooks:register_hook:98 - config_groups=None targets=['Linear'] ignore=['lm_head'] scheme='W4A16' kv_cache_scheme=None index=0 group='default' start=None end=None update=None initialized_=True finalized_=False started_=True ended_=False sequential_update=True sequential_targets=None block_size=128 dampening_frac=0.01 actorder=None offload_hessians=False added <torch.utils.hooks.RemovableHandle object at 0x788448f06300>
2026-07-30 11:22:13.610 | DEBUG    | llmcompressor.modifiers.utils.hooks:register_hook:98 - config_groups=None targets=['Linear'] ignore=['lm_head'] scheme='W4A16' kv_cache_scheme=None index=0 group='default' start=None end=None update=None initialized_=True finalized_=False started_=True ended_=False sequential_update=True sequential_targets=None block_size=128 dampening_frac=0.01 actorder=None offload_hessians=False added <torch.utils.hooks.RemovableHandle object at 0x788448f063f0>
2026-07-30 11:22:13.610 | DEBUG    | llmcompressor.modifiers.utils.hooks:register_hook:98 - config_groups=None targets=['Linear'] ignore=['lm_head'] scheme='W4A16' kv_cache_scheme=None index=0 group='default' start=None end=None update=None initialized_=True finalized_=False started_=True ended_=False sequential_update=True sequential_targets=None block_size=128 dampening_frac=0.01 actorder=None offload_hessians=False added <torch.utils.hooks.RemovableHandle object at 0x788448f06480>
2026-07-30 11:22:13.611 | DEBUG    | llmcompressor.modifiers.utils.hooks:register_hook:98 - config_groups=None targets=['Linear'] ignore=['lm_head'] scheme='W4A16' kv_cache_scheme=None index=0 group='default' start=None end=None update=None initialized_=True finalized_=False started_=True ended_=False sequential_update=True sequential_targets=None block_size=128 dampening_frac=0.01 actorder=None offload_hessians=False added <torch.utils.hooks.RemovableHandle object at 0x788448f04fe0>
2026-07-30 11:22:13.611 | DEBUG    | llmcompressor.modifiers.utils.hooks:register_hook:98 - config_groups=None targets=['Linear'] ignore=['lm_head'] scheme='W4A16' kv_cache_scheme=None index=0 group='default' start=None end=None update=None initialized_=True finalized_=False started_=True ended_=False sequential_update=True sequential_targets=None block_size=128 dampening_frac=0.01 actorder=None offload_hessians=False added <torch.utils.hooks.RemovableHandle object at 0x788448f06570>
2026-07-30 11:22:13.611 | DEBUG    | llmcompressor.modifiers.utils.hooks:register_hook:98 - config_groups=None targets=['Linear'] ignore=['lm_head'] scheme='W4A16' kv_cache_scheme=None index=0 group='default' start=None end=None update=None initialized_=True finalized_=False started_=True ended_=False sequential_update=True sequential_targets=None block_size=128 dampening_frac=0.01 actorder=None offload_hessians=False added <torch.utils.hooks.RemovableHandle object at 0x78844b239220>
2026-07-30 11:22:13.611 | DEBUG    | llmcompressor.modifiers.utils.hooks:register_hook:98 - config_groups=None targets=['Linear'] ignore=['lm_head'] scheme='W4A16' kv_cache_scheme=None index=0 group='default' start=None end=None update=None initialized_=True finalized_=False started_=True ended_=False sequential_update=True sequential_targets=None block_size=128 dampening_frac=0.01 actorder=None offload_hessians=False added <torch.utils.hooks.RemovableHandle object at 0x788448f06630>
2026-07-30 11:22:13.611 | DEBUG    | llmcompressor.modifiers.utils.hooks:register_hook:98 - config_groups=None targets=['Linear'] ignore=['lm_head'] scheme='W4A16' kv_cache_scheme=None index=0 group='default' start=None end=None update=None initialized_=True finalized_=False started_=True ended_=False sequential_update=True sequential_targets=None block_size=128 dampening_frac=0.01 actorder=None offload_hessians=False added <torch.utils.hooks.RemovableHandle object at 0x788448f06780>
2026-07-30 11:22:13.612 | DEBUG    | llmcompressor.modifiers.utils.hooks:register_hook:98 - config_groups=None targets=['Linear'] ignore=['lm_head'] scheme='W4A16' kv_cache_scheme=None index=0 group='default' start=None end=None update=None initialized_=True finalized_=False started_=True ended_=False sequential_update=True sequential_targets=None block_size=128 dampening_frac=0.01 actorder=None offload_hessians=False added <torch.utils.hooks.RemovableHandle object at 0x788448f06840>
2026-07-30 11:22:13.612 | DEBUG    | llmcompressor.modifiers.utils.hooks:register_hook:98 - config_groups=None targets=['Linear'] ignore=['lm_head'] scheme='W4A16' kv_cache_scheme=None index=0 group='default' start=None end=None update=None initialized_=True finalized_=False started_=True ended_=False sequential_update=True sequential_targets=None block_size=128 dampening_frac=0.01 actorder=None offload_hessians=False added <torch.utils.hooks.RemovableHandle object at 0x788448f06930>
2026-07-30 11:22:13.612 | DEBUG    | llmcompressor.modifiers.utils.hooks:register_hook:98 - config_groups=None targets=['Linear'] ignore=['lm_head'] scheme='W4A16' kv_cache_scheme=None index=0 group='default' start=None end=None update=None initialized_=True finalized_=False started_=True ended_=False sequential_update=True sequential_targets=None block_size=128 dampening_frac=0.01 actorder=None offload_hessians=False added <torch.utils.hooks.RemovableHandle object at 0x788448f06a20>
2026-07-30 11:22:13.612 | DEBUG    | llmcompressor.modifiers.utils.hooks:register_hook:98 - config_groups=None targets=['Linear'] ignore=['lm_head'] scheme='W4A16' kv_cache_scheme=None index=0 group='default' start=None end=None update=None initialized_=True finalized_=False started_=True ended_=False sequential_update=True sequential_targets=None block_size=128 dampening_frac=0.01 actorder=None offload_hessians=False added <torch.utils.hooks.RemovableHandle object at 0x788448f06ab0>
2026-07-30 11:22:13.612 | DEBUG    | llmcompressor.modifiers.utils.hooks:register_hook:98 - config_groups=None targets=['Linear'] ignore=['lm_head'] scheme='W4A16' kv_cache_scheme=None index=0 group='default' start=None end=None update=None initialized_=True finalized_=False started_=True ended_=False sequential_update=True sequential_targets=None block_size=128 dampening_frac=0.01 actorder=None offload_hessians=False added <torch.utils.hooks.RemovableHandle object at 0x788448f06ba0>
2026-07-30 11:22:13.613 | DEBUG    | llmcompressor.modifiers.utils.hooks:register_hook:98 - config_groups=None targets=['Linear'] ignore=['lm_head'] scheme='W4A16' kv_cache_scheme=None index=0 group='default' start=None end=None update=None initialized_=True finalized_=False started_=True ended_=False sequential_update=True sequential_targets=None block_size=128 dampening_frac=0.01 actorder=None offload_hessians=False added <torch.utils.hooks.RemovableHandle object at 0x788448f06cc0>
2026-07-30 11:22:13.613 | DEBUG    | llmcompressor.modifiers.utils.hooks:register_hook:98 - config_groups=None targets=['Linear'] ignore=['lm_head'] scheme='W4A16' kv_cache_scheme=None index=0 group='default' start=None end=None update=None initialized_=True finalized_=False started_=True ended_=False sequential_update=True sequential_targets=None block_size=128 dampening_frac=0.01 actorder=None offload_hessians=False added <torch.utils.hooks.RemovableHandle object at 0x78844b23bbc0>
2026-07-30 11:22:13.613 | DEBUG    | llmcompressor.modifiers.utils.hooks:register_hook:98 - config_groups=None targets=['Linear'] ignore=['lm_head'] scheme='W4A16' kv_cache_scheme=None index=0 group='default' start=None end=None update=None initialized_=True finalized_=False started_=True ended_=False sequential_update=True sequential_targets=None block_size=128 dampening_frac=0.01 actorder=None offload_hessians=False added <torch.utils.hooks.RemovableHandle object at 0x788448f06e10>
2026-07-30 11:22:13.613 | DEBUG    | llmcompressor.modifiers.utils.hooks:register_hook:98 - config_groups=None targets=['Linear'] ignore=['lm_head'] scheme='W4A16' kv_cache_scheme=None index=0 group='default' start=None end=None update=None initialized_=True finalized_=False started_=True ended_=False sequential_update=True sequential_targets=None block_size=128 dampening_frac=0.01 actorder=None offload_hessians=False added <torch.utils.hooks.RemovableHandle object at 0x788448f06f00>
2026-07-30 11:22:13.613 | DEBUG    | llmcompressor.modifiers.utils.hooks:register_hook:98 - config_groups=None targets=['Linear'] ignore=['lm_head'] scheme='W4A16' kv_cache_scheme=None index=0 group='default' start=None end=None update=None initialized_=True finalized_=False started_=True ended_=False sequential_update=True sequential_targets=None block_size=128 dampening_frac=0.01 actorder=None offload_hessians=False added <torch.utils.hooks.RemovableHandle object at 0x788448f06ff0>
2026-07-30 11:22:13.614 | DEBUG    | llmcompressor.modifiers.utils.hooks:register_hook:98 - config_groups=None targets=['Linear'] ignore=['lm_head'] scheme='W4A16' kv_cache_scheme=None index=0 group='default' start=None end=None update=None initialized_=True finalized_=False started_=True ended_=False sequential_update=True sequential_targets=None block_size=128 dampening_frac=0.01 actorder=None offload_hessians=False added <torch.utils.hooks.RemovableHandle object at 0x788448f07110>
2026-07-30 11:22:13.614 | DEBUG    | llmcompressor.modifiers.utils.hooks:register_hook:98 - config_groups=None targets=['Linear'] ignore=['lm_head'] scheme='W4A16' kv_cache_scheme=None index=0 group='default' start=None end=None update=None initialized_=True finalized_=False started_=True ended_=False sequential_update=True sequential_targets=None block_size=128 dampening_frac=0.01 actorder=None offload_hessians=False added <torch.utils.hooks.RemovableHandle object at 0x788448f071d0>
2026-07-30 11:22:13.614 | DEBUG    | llmcompressor.modifiers.utils.hooks:register_hook:98 - config_groups=None targets=['Linear'] ignore=['lm_head'] scheme='W4A16' kv_cache_scheme=None index=0 group='default' start=None end=None update=None initialized_=True finalized_=False started_=True ended_=False sequential_update=True sequential_targets=None block_size=128 dampening_frac=0.01 actorder=None offload_hessians=False added <torch.utils.hooks.RemovableHandle object at 0x788448f07260>
2026-07-30 11:22:13.614 | DEBUG    | llmcompressor.modifiers.utils.hooks:register_hook:98 - config_groups=None targets=['Linear'] ignore=['lm_head'] scheme='W4A16' kv_cache_scheme=None index=0 group='default' start=None end=None update=None initialized_=True finalized_=False started_=True ended_=False sequential_update=True sequential_targets=None block_size=128 dampening_frac=0.01 actorder=None offload_hessians=False added <torch.utils.hooks.RemovableHandle object at 0x788448f07350>
2026-07-30 11:22:13.614 | DEBUG    | llmcompressor.modifiers.utils.hooks:register_hook:98 - config_groups=None targets=['Linear'] ignore=['lm_head'] scheme='W4A16' kv_cache_scheme=None index=0 group='default' start=None end=None update=None initialized_=True finalized_=False started_=True ended_=False sequential_update=True sequential_targets=None block_size=128 dampening_frac=0.01 actorder=None offload_hessians=False added <torch.utils.hooks.RemovableHandle object at 0x788448f07470>
2026-07-30 11:22:13.615 | DEBUG    | llmcompressor.modifiers.utils.hooks:register_hook:98 - config_groups=None targets=['Linear'] ignore=['lm_head'] scheme='W4A16' kv_cache_scheme=None index=0 group='default' start=None end=None update=None initialized_=True finalized_=False started_=True ended_=False sequential_update=True sequential_targets=None block_size=128 dampening_frac=0.01 actorder=None offload_hessians=False added <torch.utils.hooks.RemovableHandle object at 0x78844b1a2cf0>
2026-07-30 11:22:13.615 | DEBUG    | llmcompressor.modifiers.utils.hooks:register_hook:98 - config_groups=None targets=['Linear'] ignore=['lm_head'] scheme='W4A16' kv_cache_scheme=None index=0 group='default' start=None end=None update=None initialized_=True finalized_=False started_=True ended_=False sequential_update=True sequential_targets=None block_size=128 dampening_frac=0.01 actorder=None offload_hessians=False added <torch.utils.hooks.RemovableHandle object at 0x788448f075f0>
2026-07-30 11:22:13.615 | DEBUG    | llmcompressor.modifiers.utils.hooks:register_hook:98 - config_groups=None targets=['Linear'] ignore=['lm_head'] scheme='W4A16' kv_cache_scheme=None index=0 group='default' start=None end=None update=None initialized_=True finalized_=False started_=True ended_=False sequential_update=True sequential_targets=None block_size=128 dampening_frac=0.01 actorder=None offload_hessians=False added <torch.utils.hooks.RemovableHandle object at 0x788448f076b0>
2026-07-30 11:22:13.615 | DEBUG    | llmcompressor.modifiers.utils.hooks:register_hook:98 - config_groups=None targets=['Linear'] ignore=['lm_head'] scheme='W4A16' kv_cache_scheme=None index=0 group='default' start=None end=None update=None initialized_=True finalized_=False started_=True ended_=False sequential_update=True sequential_targets=None block_size=128 dampening_frac=0.01 actorder=None offload_hessians=False added <torch.utils.hooks.RemovableHandle object at 0x788448f07740>
2026-07-30 11:22:13.615 | DEBUG    | llmcompressor.modifiers.utils.hooks:register_hook:98 - config_groups=None targets=['Linear'] ignore=['lm_head'] scheme='W4A16' kv_cache_scheme=None index=0 group='default' start=None end=None update=None initialized_=True finalized_=False started_=True ended_=False sequential_update=True sequential_targets=None block_size=128 dampening_frac=0.01 actorder=None offload_hessians=False added <torch.utils.hooks.RemovableHandle object at 0x788448f07830>
2026-07-30 11:22:13.616 | DEBUG    | llmcompressor.modifiers.utils.hooks:register_hook:98 - config_groups=None targets=['Linear'] ignore=['lm_head'] scheme='W4A16' kv_cache_scheme=None index=0 group='default' start=None end=None update=None initialized_=True finalized_=False started_=True ended_=False sequential_update=True sequential_targets=None block_size=128 dampening_frac=0.01 actorder=None offload_hessians=False added <torch.utils.hooks.RemovableHandle object at 0x788448f07920>
2026-07-30 11:22:13.616 | DEBUG    | llmcompressor.modifiers.utils.hooks:register_hook:98 - config_groups=None targets=['Linear'] ignore=['lm_head'] scheme='W4A16' kv_cache_scheme=None index=0 group='default' start=None end=None update=None initialized_=True finalized_=False started_=True ended_=False sequential_update=True sequential_targets=None block_size=128 dampening_frac=0.01 actorder=None offload_hessians=False added <torch.utils.hooks.RemovableHandle object at 0x788448f07a10>
2026-07-30 11:22:13.616 | DEBUG    | llmcompressor.modifiers.utils.hooks:register_hook:98 - config_groups=None targets=['Linear'] ignore=['lm_head'] scheme='W4A16' kv_cache_scheme=None index=0 group='default' start=None end=None update=None initialized_=True finalized_=False started_=True ended_=False sequential_update=True sequential_targets=None block_size=128 dampening_frac=0.01 actorder=None offload_hessians=False added <torch.utils.hooks.RemovableHandle object at 0x788448f07ad0>
2026-07-30 11:22:13.616 | DEBUG    | llmcompressor.modifiers.utils.hooks:register_hook:98 - config_groups=None targets=['Linear'] ignore=['lm_head'] scheme='W4A16' kv_cache_scheme=None index=0 group='default' start=None end=None update=None initialized_=True finalized_=False started_=True ended_=False sequential_update=True sequential_targets=None block_size=128 dampening_frac=0.01 actorder=None offload_hessians=False added <torch.utils.hooks.RemovableHandle object at 0x788448f07bf0>
2026-07-30 11:22:13.616 | DEBUG    | llmcompressor.modifiers.utils.hooks:register_hook:98 - config_groups=None targets=['Linear'] ignore=['lm_head'] scheme='W4A16' kv_cache_scheme=None index=0 group='default' start=None end=None update=None initialized_=True finalized_=False started_=True ended_=False sequential_update=True sequential_targets=None block_size=128 dampening_frac=0.01 actorder=None offload_hessians=False added <torch.utils.hooks.RemovableHandle object at 0x788448f07cb0>
2026-07-30 11:22:13.617 | DEBUG    | llmcompressor.modifiers.utils.hooks:register_hook:98 - config_groups=None targets=['Linear'] ignore=['lm_head'] scheme='W4A16' kv_cache_scheme=None index=0 group='default' start=None end=None update=None initialized_=True finalized_=False started_=True ended_=False sequential_update=True sequential_targets=None block_size=128 dampening_frac=0.01 actorder=None offload_hessians=False added <torch.utils.hooks.RemovableHandle object at 0x788448f07d70>
2026-07-30 11:22:13.617 | DEBUG    | llmcompressor.modifiers.utils.hooks:register_hook:98 - config_groups=None targets=['Linear'] ignore=['lm_head'] scheme='W4A16' kv_cache_scheme=None index=0 group='default' start=None end=None update=None initialized_=True finalized_=False started_=True ended_=False sequential_update=True sequential_targets=None block_size=128 dampening_frac=0.01 actorder=None offload_hessians=False added <torch.utils.hooks.RemovableHandle object at 0x788448f07e30>
2026-07-30 11:22:13.617 | DEBUG    | llmcompressor.modifiers.utils.hooks:register_hook:98 - config_groups=None targets=['Linear'] ignore=['lm_head'] scheme='W4A16' kv_cache_scheme=None index=0 group='default' start=None end=None update=None initialized_=True finalized_=False started_=True ended_=False sequential_update=True sequential_targets=None block_size=128 dampening_frac=0.01 actorder=None offload_hessians=False added <torch.utils.hooks.RemovableHandle object at 0x788448f07ef0>
2026-07-30 11:22:13.617 | DEBUG    | llmcompressor.modifiers.utils.hooks:register_hook:98 - config_groups=None targets=['Linear'] ignore=['lm_head'] scheme='W4A16' kv_cache_scheme=None index=0 group='default' start=None end=None update=None initialized_=True finalized_=False started_=True ended_=False sequential_update=True sequential_targets=None block_size=128 dampening_frac=0.01 actorder=None offload_hessians=False added <torch.utils.hooks.RemovableHandle object at 0x788448f07f80>
2026-07-30 11:22:13.617 | DEBUG    | llmcompressor.modifiers.utils.hooks:register_hook:98 - config_groups=None targets=['Linear'] ignore=['lm_head'] scheme='W4A16' kv_cache_scheme=None index=0 group='default' start=None end=None update=None initialized_=True finalized_=False started_=True ended_=False sequential_update=True sequential_targets=None block_size=128 dampening_frac=0.01 actorder=None offload_hessians=False added <torch.utils.hooks.RemovableHandle object at 0x788448f042f0>
2026-07-30 11:22:13.618 | DEBUG    | llmcompressor.modifiers.utils.hooks:register_hook:98 - config_groups=None targets=['Linear'] ignore=['lm_head'] scheme='W4A16' kv_cache_scheme=None index=0 group='default' start=None end=None update=None initialized_=True finalized_=False started_=True ended_=False sequential_update=True sequential_targets=None block_size=128 dampening_frac=0.01 actorder=None offload_hessians=False added <torch.utils.hooks.RemovableHandle object at 0x788448f043b0>
2026-07-30 11:22:13.618 | DEBUG    | llmcompressor.modifiers.utils.hooks:register_hook:98 - config_groups=None targets=['Linear'] ignore=['lm_head'] scheme='W4A16' kv_cache_scheme=None index=0 group='default' start=None end=None update=None initialized_=True finalized_=False started_=True ended_=False sequential_update=True sequential_targets=None block_size=128 dampening_frac=0.01 actorder=None offload_hessians=False added <torch.utils.hooks.RemovableHandle object at 0x788448efc170>
2026-07-30 11:22:13.618 | DEBUG    | llmcompressor.modifiers.utils.hooks:register_hook:98 - config_groups=None targets=['Linear'] ignore=['lm_head'] scheme='W4A16' kv_cache_scheme=None index=0 group='default' start=None end=None update=None initialized_=True finalized_=False started_=True ended_=False sequential_update=True sequential_targets=None block_size=128 dampening_frac=0.01 actorder=None offload_hessians=False added <torch.utils.hooks.RemovableHandle object at 0x788448efc230>
2026-07-30 11:22:13.618 | DEBUG    | llmcompressor.modifiers.utils.hooks:register_hook:98 - config_groups=None targets=['Linear'] ignore=['lm_head'] scheme='W4A16' kv_cache_scheme=None index=0 group='default' start=None end=None update=None initialized_=True finalized_=False started_=True ended_=False sequential_update=True sequential_targets=None block_size=128 dampening_frac=0.01 actorder=None offload_hessians=False added <torch.utils.hooks.RemovableHandle object at 0x788448efc050>
2026-07-30 11:22:13.618 | DEBUG    | llmcompressor.modifiers.utils.hooks:register_hook:98 - config_groups=None targets=['Linear'] ignore=['lm_head'] scheme='W4A16' kv_cache_scheme=None index=0 group='default' start=None end=None update=None initialized_=True finalized_=False started_=True ended_=False sequential_update=True sequential_targets=None block_size=128 dampening_frac=0.01 actorder=None offload_hessians=False added <torch.utils.hooks.RemovableHandle object at 0x788448efc380>
2026-07-30 11:22:13.619 | DEBUG    | llmcompressor.modifiers.utils.hooks:register_hook:98 - config_groups=None targets=['Linear'] ignore=['lm_head'] scheme='W4A16' kv_cache_scheme=None index=0 group='default' start=None end=None update=None initialized_=True finalized_=False started_=True ended_=False sequential_update=True sequential_targets=None block_size=128 dampening_frac=0.01 actorder=None offload_hessians=False added <torch.utils.hooks.RemovableHandle object at 0x788448efc440>
2026-07-30 11:22:13.619 | DEBUG    | llmcompressor.modifiers.utils.hooks:register_hook:98 - config_groups=None targets=['Linear'] ignore=['lm_head'] scheme='W4A16' kv_cache_scheme=None index=0 group='default' start=None end=None update=None initialized_=True finalized_=False started_=True ended_=False sequential_update=True sequential_targets=None block_size=128 dampening_frac=0.01 actorder=None offload_hessians=False added <torch.utils.hooks.RemovableHandle object at 0x788448efc1a0>
2026-07-30 11:22:13.619 | DEBUG    | llmcompressor.modifiers.utils.hooks:register_hook:98 - config_groups=None targets=['Linear'] ignore=['lm_head'] scheme='W4A16' kv_cache_scheme=None index=0 group='default' start=None end=None update=None initialized_=True finalized_=False started_=True ended_=False sequential_update=True sequential_targets=None block_size=128 dampening_frac=0.01 actorder=None offload_hessians=False added <torch.utils.hooks.RemovableHandle object at 0x788448efc590>
2026-07-30 11:22:13.619 | DEBUG    | llmcompressor.modifiers.utils.hooks:register_hook:98 - config_groups=None targets=['Linear'] ignore=['lm_head'] scheme='W4A16' kv_cache_scheme=None index=0 group='default' start=None end=None update=None initialized_=True finalized_=False started_=True ended_=False sequential_update=True sequential_targets=None block_size=128 dampening_frac=0.01 actorder=None offload_hessians=False added <torch.utils.hooks.RemovableHandle object at 0x788448efc4a0>
2026-07-30 11:22:13.619 | DEBUG    | llmcompressor.modifiers.utils.hooks:register_hook:98 - config_groups=None targets=['Linear'] ignore=['lm_head'] scheme='W4A16' kv_cache_scheme=None index=0 group='default' start=None end=None update=None initialized_=True finalized_=False started_=True ended_=False sequential_update=True sequential_targets=None block_size=128 dampening_frac=0.01 actorder=None offload_hessians=False added <torch.utils.hooks.RemovableHandle object at 0x788448efc3b0>
2026-07-30 11:22:13.619 | DEBUG    | llmcompressor.modifiers.utils.hooks:register_hook:98 - config_groups=None targets=['Linear'] ignore=['lm_head'] scheme='W4A16' kv_cache_scheme=None index=0 group='default' start=None end=None update=None initialized_=True finalized_=False started_=True ended_=False sequential_update=True sequential_targets=None block_size=128 dampening_frac=0.01 actorder=None offload_hessians=False added <torch.utils.hooks.RemovableHandle object at 0x788448efc770>
2026-07-30 11:22:13.620 | DEBUG    | llmcompressor.modifiers.utils.hooks:register_hook:98 - config_groups=None targets=['Linear'] ignore=['lm_head'] scheme='W4A16' kv_cache_scheme=None index=0 group='default' start=None end=None update=None initialized_=True finalized_=False started_=True ended_=False sequential_update=True sequential_targets=None block_size=128 dampening_frac=0.01 actorder=None offload_hessians=False added <torch.utils.hooks.RemovableHandle object at 0x788448efc710>
2026-07-30 11:22:13.620 | DEBUG    | llmcompressor.modifiers.utils.hooks:register_hook:98 - config_groups=None targets=['Linear'] ignore=['lm_head'] scheme='W4A16' kv_cache_scheme=None index=0 group='default' start=None end=None update=None initialized_=True finalized_=False started_=True ended_=False sequential_update=True sequential_targets=None block_size=128 dampening_frac=0.01 actorder=None offload_hessians=False added <torch.utils.hooks.RemovableHandle object at 0x788448efc860>
2026-07-30 11:22:13.620 | DEBUG    | llmcompressor.modifiers.utils.hooks:register_hook:98 - config_groups=None targets=['Linear'] ignore=['lm_head'] scheme='W4A16' kv_cache_scheme=None index=0 group='default' start=None end=None update=None initialized_=True finalized_=False started_=True ended_=False sequential_update=True sequential_targets=None block_size=128 dampening_frac=0.01 actorder=None offload_hessians=False added <torch.utils.hooks.RemovableHandle object at 0x788448efc920>
2026-07-30 11:22:13.620 | DEBUG    | llmcompressor.modifiers.utils.hooks:register_hook:98 - config_groups=None targets=['Linear'] ignore=['lm_head'] scheme='W4A16' kv_cache_scheme=None index=0 group='default' start=None end=None update=None initialized_=True finalized_=False started_=True ended_=False sequential_update=True sequential_targets=None block_size=128 dampening_frac=0.01 actorder=None offload_hessians=False added <torch.utils.hooks.RemovableHandle object at 0x788448efca10>
2026-07-30 11:22:13.620 | DEBUG    | llmcompressor.modifiers.utils.hooks:register_hook:98 - config_groups=None targets=['Linear'] ignore=['lm_head'] scheme='W4A16' kv_cache_scheme=None index=0 group='default' start=None end=None update=None initialized_=True finalized_=False started_=True ended_=False sequential_update=True sequential_targets=None block_size=128 dampening_frac=0.01 actorder=None offload_hessians=False added <torch.utils.hooks.RemovableHandle object at 0x788448efcad0>
2026-07-30 11:22:13.621 | DEBUG    | llmcompressor.modifiers.utils.hooks:register_hook:98 - config_groups=None targets=['Linear'] ignore=['lm_head'] scheme='W4A16' kv_cache_scheme=None index=0 group='default' start=None end=None update=None initialized_=True finalized_=False started_=True ended_=False sequential_update=True sequential_targets=None block_size=128 dampening_frac=0.01 actorder=None offload_hessians=False added <torch.utils.hooks.RemovableHandle object at 0x788448efcb60>
2026-07-30 11:22:13.621 | DEBUG    | llmcompressor.modifiers.utils.hooks:register_hook:98 - config_groups=None targets=['Linear'] ignore=['lm_head'] scheme='W4A16' kv_cache_scheme=None index=0 group='default' start=None end=None update=None initialized_=True finalized_=False started_=True ended_=False sequential_update=True sequential_targets=None block_size=128 dampening_frac=0.01 actorder=None offload_hessians=False added <torch.utils.hooks.RemovableHandle object at 0x788448efcc20>
2026-07-30 11:22:13.621 | DEBUG    | llmcompressor.modifiers.utils.hooks:register_hook:98 - config_groups=None targets=['Linear'] ignore=['lm_head'] scheme='W4A16' kv_cache_scheme=None index=0 group='default' start=None end=None update=None initialized_=True finalized_=False started_=True ended_=False sequential_update=True sequential_targets=None block_size=128 dampening_frac=0.01 actorder=None offload_hessians=False added <torch.utils.hooks.RemovableHandle object at 0x788448efcd10>
2026-07-30 11:22:13.621 | DEBUG    | llmcompressor.modifiers.utils.hooks:register_hook:98 - config_groups=None targets=['Linear'] ignore=['lm_head'] scheme='W4A16' kv_cache_scheme=None index=0 group='default' start=None end=None update=None initialized_=True finalized_=False started_=True ended_=False sequential_update=True sequential_targets=None block_size=128 dampening_frac=0.01 actorder=None offload_hessians=False added <torch.utils.hooks.RemovableHandle object at 0x788448efccb0>
2026-07-30 11:22:13.621 | DEBUG    | llmcompressor.modifiers.utils.hooks:register_hook:98 - config_groups=None targets=['Linear'] ignore=['lm_head'] scheme='W4A16' kv_cache_scheme=None index=0 group='default' start=None end=None update=None initialized_=True finalized_=False started_=True ended_=False sequential_update=True sequential_targets=None block_size=128 dampening_frac=0.01 actorder=None offload_hessians=False added <torch.utils.hooks.RemovableHandle object at 0x788448efce90>
2026-07-30 11:22:13.622 | DEBUG    | llmcompressor.modifiers.utils.hooks:register_hook:98 - config_groups=None targets=['Linear'] ignore=['lm_head'] scheme='W4A16' kv_cache_scheme=None index=0 group='default' start=None end=None update=None initialized_=True finalized_=False started_=True ended_=False sequential_update=True sequential_targets=None block_size=128 dampening_frac=0.01 actorder=None offload_hessians=False added <torch.utils.hooks.RemovableHandle object at 0x78844b1932c0>
2026-07-30 11:22:13.622 | DEBUG    | llmcompressor.modifiers.utils.hooks:register_hook:98 - config_groups=None targets=['Linear'] ignore=['lm_head'] scheme='W4A16' kv_cache_scheme=None index=0 group='default' start=None end=None update=None initialized_=True finalized_=False started_=True ended_=False sequential_update=True sequential_targets=None block_size=128 dampening_frac=0.01 actorder=None offload_hessians=False added <torch.utils.hooks.RemovableHandle object at 0x78844b1a2cc0>
2026-07-30 11:22:13.622 | DEBUG    | llmcompressor.modifiers.utils.hooks:register_hook:98 - config_groups=None targets=['Linear'] ignore=['lm_head'] scheme='W4A16' kv_cache_scheme=None index=0 group='default' start=None end=None update=None initialized_=True finalized_=False started_=True ended_=False sequential_update=True sequential_targets=None block_size=128 dampening_frac=0.01 actorder=None offload_hessians=False added <torch.utils.hooks.RemovableHandle object at 0x788448efd100>
2026-07-30 11:22:13.622 | DEBUG    | llmcompressor.modifiers.utils.hooks:register_hook:98 - config_groups=None targets=['Linear'] ignore=['lm_head'] scheme='W4A16' kv_cache_scheme=None index=0 group='default' start=None end=None update=None initialized_=True finalized_=False started_=True ended_=False sequential_update=True sequential_targets=None block_size=128 dampening_frac=0.01 actorder=None offload_hessians=False added <torch.utils.hooks.RemovableHandle object at 0x78844b1a29f0>
2026-07-30 11:22:13.622 | DEBUG    | llmcompressor.modifiers.utils.hooks:register_hook:98 - config_groups=None targets=['Linear'] ignore=['lm_head'] scheme='W4A16' kv_cache_scheme=None index=0 group='default' start=None end=None update=None initialized_=True finalized_=False started_=True ended_=False sequential_update=True sequential_targets=None block_size=128 dampening_frac=0.01 actorder=None offload_hessians=False added <torch.utils.hooks.RemovableHandle object at 0x788448efcfe0>
2026-07-30 11:22:13.622 | DEBUG    | llmcompressor.modifiers.utils.hooks:register_hook:98 - config_groups=None targets=['Linear'] ignore=['lm_head'] scheme='W4A16' kv_cache_scheme=None index=0 group='default' start=None end=None update=None initialized_=True finalized_=False started_=True ended_=False sequential_update=True sequential_targets=None block_size=128 dampening_frac=0.01 actorder=None offload_hessians=False added <torch.utils.hooks.RemovableHandle object at 0x788448efd190>
2026-07-30 11:22:13.623 | DEBUG    | llmcompressor.modifiers.utils.hooks:register_hook:98 - config_groups=None targets=['Linear'] ignore=['lm_head'] scheme='W4A16' kv_cache_scheme=None index=0 group='default' start=None end=None update=None initialized_=True finalized_=False started_=True ended_=False sequential_update=True sequential_targets=None block_size=128 dampening_frac=0.01 actorder=None offload_hessians=False added <torch.utils.hooks.RemovableHandle object at 0x788448efd400>
2026-07-30 11:22:13.623 | DEBUG    | llmcompressor.modifiers.utils.hooks:register_hook:98 - config_groups=None targets=['Linear'] ignore=['lm_head'] scheme='W4A16' kv_cache_scheme=None index=0 group='default' start=None end=None update=None initialized_=True finalized_=False started_=True ended_=False sequential_update=True sequential_targets=None block_size=128 dampening_frac=0.01 actorder=None offload_hessians=False added <torch.utils.hooks.RemovableHandle object at 0x788448efd490>
2026-07-30 11:22:13.623 | DEBUG    | llmcompressor.modifiers.utils.hooks:register_hook:98 - config_groups=None targets=['Linear'] ignore=['lm_head'] scheme='W4A16' kv_cache_scheme=None index=0 group='default' start=None end=None update=None initialized_=True finalized_=False started_=True ended_=False sequential_update=True sequential_targets=None block_size=128 dampening_frac=0.01 actorder=None offload_hessians=False added <torch.utils.hooks.RemovableHandle object at 0x788448f060f0>
2026-07-30 11:22:13.623 | DEBUG    | llmcompressor.modifiers.utils.hooks:register_hook:98 - config_groups=None targets=['Linear'] ignore=['lm_head'] scheme='W4A16' kv_cache_scheme=None index=0 group='default' start=None end=None update=None initialized_=True finalized_=False started_=True ended_=False sequential_update=True sequential_targets=None block_size=128 dampening_frac=0.01 actorder=None offload_hessians=False added <torch.utils.hooks.RemovableHandle object at 0x788448efd5e0>
2026-07-30 11:22:13.624 | DEBUG    | llmcompressor.modifiers.utils.hooks:register_hook:98 - config_groups=None targets=['Linear'] ignore=['lm_head'] scheme='W4A16' kv_cache_scheme=None index=0 group='default' start=None end=None update=None initialized_=True finalized_=False started_=True ended_=False sequential_update=True sequential_targets=None block_size=128 dampening_frac=0.01 actorder=None offload_hessians=False added <torch.utils.hooks.RemovableHandle object at 0x788448efd700>
2026-07-30 11:22:13.624 | DEBUG    | llmcompressor.modifiers.utils.hooks:register_hook:98 - config_groups=None targets=['Linear'] ignore=['lm_head'] scheme='W4A16' kv_cache_scheme=None index=0 group='default' start=None end=None update=None initialized_=True finalized_=False started_=True ended_=False sequential_update=True sequential_targets=None block_size=128 dampening_frac=0.01 actorder=None offload_hessians=False added <torch.utils.hooks.RemovableHandle object at 0x788448efd790>
2026-07-30 11:22:13.624 | DEBUG    | llmcompressor.modifiers.utils.hooks:register_hook:98 - config_groups=None targets=['Linear'] ignore=['lm_head'] scheme='W4A16' kv_cache_scheme=None index=0 group='default' start=None end=None update=None initialized_=True finalized_=False started_=True ended_=False sequential_update=True sequential_targets=None block_size=128 dampening_frac=0.01 actorder=None offload_hessians=False added <torch.utils.hooks.RemovableHandle object at 0x788448efd880>
2026-07-30 11:22:13.624 | DEBUG    | llmcompressor.modifiers.utils.hooks:register_hook:98 - config_groups=None targets=['Linear'] ignore=['lm_head'] scheme='W4A16' kv_cache_scheme=None index=0 group='default' start=None end=None update=None initialized_=True finalized_=False started_=True ended_=False sequential_update=True sequential_targets=None block_size=128 dampening_frac=0.01 actorder=None offload_hessians=False added <torch.utils.hooks.RemovableHandle object at 0x78844894b170>
2026-07-30 11:22:13.624 | DEBUG    | llmcompressor.modifiers.utils.hooks:register_hook:98 - config_groups=None targets=['Linear'] ignore=['lm_head'] scheme='W4A16' kv_cache_scheme=None index=0 group='default' start=None end=None update=None initialized_=True finalized_=False started_=True ended_=False sequential_update=True sequential_targets=None block_size=128 dampening_frac=0.01 actorder=None offload_hessians=False added <torch.utils.hooks.RemovableHandle object at 0x788448efd970>
2026-07-30 11:22:13.624 | DEBUG    | llmcompressor.modifiers.utils.hooks:register_hook:98 - config_groups=None targets=['Linear'] ignore=['lm_head'] scheme='W4A16' kv_cache_scheme=None index=0 group='default' start=None end=None update=None initialized_=True finalized_=False started_=True ended_=False sequential_update=True sequential_targets=None block_size=128 dampening_frac=0.01 actorder=None offload_hessians=False added <torch.utils.hooks.RemovableHandle object at 0x788448efda30>
2026-07-30 11:22:13.625 | DEBUG    | llmcompressor.modifiers.utils.hooks:register_hook:98 - config_groups=None targets=['Linear'] ignore=['lm_head'] scheme='W4A16' kv_cache_scheme=None index=0 group='default' start=None end=None update=None initialized_=True finalized_=False started_=True ended_=False sequential_update=True sequential_targets=None block_size=128 dampening_frac=0.01 actorder=None offload_hessians=False added <torch.utils.hooks.RemovableHandle object at 0x788448efdaf0>
2026-07-30 11:22:13.625 | DEBUG    | llmcompressor.modifiers.utils.hooks:register_hook:98 - config_groups=None targets=['Linear'] ignore=['lm_head'] scheme='W4A16' kv_cache_scheme=None index=0 group='default' start=None end=None update=None initialized_=True finalized_=False started_=True ended_=False sequential_update=True sequential_targets=None block_size=128 dampening_frac=0.01 actorder=None offload_hessians=False added <torch.utils.hooks.RemovableHandle object at 0x788448efdbb0>
2026-07-30 11:22:13.625 | DEBUG    | llmcompressor.modifiers.utils.hooks:register_hook:98 - config_groups=None targets=['Linear'] ignore=['lm_head'] scheme='W4A16' kv_cache_scheme=None index=0 group='default' start=None end=None update=None initialized_=True finalized_=False started_=True ended_=False sequential_update=True sequential_targets=None block_size=128 dampening_frac=0.01 actorder=None offload_hessians=False added <torch.utils.hooks.RemovableHandle object at 0x788448efdca0>
2026-07-30 11:22:13.625 | DEBUG    | llmcompressor.modifiers.utils.hooks:register_hook:98 - config_groups=None targets=['Linear'] ignore=['lm_head'] scheme='W4A16' kv_cache_scheme=None index=0 group='default' start=None end=None update=None initialized_=True finalized_=False started_=True ended_=False sequential_update=True sequential_targets=None block_size=128 dampening_frac=0.01 actorder=None offload_hessians=False added <torch.utils.hooks.RemovableHandle object at 0x788448efdd60>
2026-07-30 11:22:13.625 | DEBUG    | llmcompressor.modifiers.utils.hooks:register_hook:98 - config_groups=None targets=['Linear'] ignore=['lm_head'] scheme='W4A16' kv_cache_scheme=None index=0 group='default' start=None end=None update=None initialized_=True finalized_=False started_=True ended_=False sequential_update=True sequential_targets=None block_size=128 dampening_frac=0.01 actorder=None offload_hessians=False added <torch.utils.hooks.RemovableHandle object at 0x788448efde20>
2026-07-30 11:22:13.626 | DEBUG    | llmcompressor.modifiers.utils.hooks:register_hook:98 - config_groups=None targets=['Linear'] ignore=['lm_head'] scheme='W4A16' kv_cache_scheme=None index=0 group='default' start=None end=None update=None initialized_=True finalized_=False started_=True ended_=False sequential_update=True sequential_targets=None block_size=128 dampening_frac=0.01 actorder=None offload_hessians=False added <torch.utils.hooks.RemovableHandle object at 0x788448efdf10>
2026-07-30 11:22:13.626 | DEBUG    | llmcompressor.modifiers.utils.hooks:register_hook:98 - config_groups=None targets=['Linear'] ignore=['lm_head'] scheme='W4A16' kv_cache_scheme=None index=0 group='default' start=None end=None update=None initialized_=True finalized_=False started_=True ended_=False sequential_update=True sequential_targets=None block_size=128 dampening_frac=0.01 actorder=None offload_hessians=False added <torch.utils.hooks.RemovableHandle object at 0x788448efdfd0>
2026-07-30 11:22:13.626 | DEBUG    | llmcompressor.modifiers.utils.hooks:register_hook:98 - config_groups=None targets=['Linear'] ignore=['lm_head'] scheme='W4A16' kv_cache_scheme=None index=0 group='default' start=None end=None update=None initialized_=True finalized_=False started_=True ended_=False sequential_update=True sequential_targets=None block_size=128 dampening_frac=0.01 actorder=None offload_hessians=False added <torch.utils.hooks.RemovableHandle object at 0x788448efe090>
2026-07-30 11:22:13.626 | DEBUG    | llmcompressor.modifiers.utils.hooks:register_hook:98 - config_groups=None targets=['Linear'] ignore=['lm_head'] scheme='W4A16' kv_cache_scheme=None index=0 group='default' start=None end=None update=None initialized_=True finalized_=False started_=True ended_=False sequential_update=True sequential_targets=None block_size=128 dampening_frac=0.01 actorder=None offload_hessians=False added <torch.utils.hooks.RemovableHandle object at 0x788448efe180>
2026-07-30 11:22:13.626 | DEBUG    | llmcompressor.modifiers.utils.hooks:register_hook:98 - config_groups=None targets=['Linear'] ignore=['lm_head'] scheme='W4A16' kv_cache_scheme=None index=0 group='default' start=None end=None update=None initialized_=True finalized_=False started_=True ended_=False sequential_update=True sequential_targets=None block_size=128 dampening_frac=0.01 actorder=None offload_hessians=False added <torch.utils.hooks.RemovableHandle object at 0x788448efe210>
2026-07-30 11:22:13.627 | DEBUG    | llmcompressor.modifiers.utils.hooks:register_hook:98 - config_groups=None targets=['Linear'] ignore=['lm_head'] scheme='W4A16' kv_cache_scheme=None index=0 group='default' start=None end=None update=None initialized_=True finalized_=False started_=True ended_=False sequential_update=True sequential_targets=None block_size=128 dampening_frac=0.01 actorder=None offload_hessians=False added <torch.utils.hooks.RemovableHandle object at 0x788448efe300>
2026-07-30 11:22:13.627 | DEBUG    | llmcompressor.modifiers.utils.hooks:register_hook:98 - config_groups=None targets=['Linear'] ignore=['lm_head'] scheme='W4A16' kv_cache_scheme=None index=0 group='default' start=None end=None update=None initialized_=True finalized_=False started_=True ended_=False sequential_update=True sequential_targets=None block_size=128 dampening_frac=0.01 actorder=None offload_hessians=False added <torch.utils.hooks.RemovableHandle object at 0x788448efe3f0>
2026-07-30 11:22:13.627 | DEBUG    | llmcompressor.modifiers.utils.hooks:register_hook:98 - config_groups=None targets=['Linear'] ignore=['lm_head'] scheme='W4A16' kv_cache_scheme=None index=0 group='default' start=None end=None update=None initialized_=True finalized_=False started_=True ended_=False sequential_update=True sequential_targets=None block_size=128 dampening_frac=0.01 actorder=None offload_hessians=False added <torch.utils.hooks.RemovableHandle object at 0x788448efe4e0>
2026-07-30 11:22:13.627 | DEBUG    | llmcompressor.modifiers.utils.hooks:register_hook:98 - config_groups=None targets=['Linear'] ignore=['lm_head'] scheme='W4A16' kv_cache_scheme=None index=0 group='default' start=None end=None update=None initialized_=True finalized_=False started_=True ended_=False sequential_update=True sequential_targets=None block_size=128 dampening_frac=0.01 actorder=None offload_hessians=False added <torch.utils.hooks.RemovableHandle object at 0x788448efe5a0>
2026-07-30 11:22:13.627 | DEBUG    | llmcompressor.modifiers.utils.hooks:register_hook:98 - config_groups=None targets=['Linear'] ignore=['lm_head'] scheme='W4A16' kv_cache_scheme=None index=0 group='default' start=None end=None update=None initialized_=True finalized_=False started_=True ended_=False sequential_update=True sequential_targets=None block_size=128 dampening_frac=0.01 actorder=None offload_hessians=False added <torch.utils.hooks.RemovableHandle object at 0x788448efe660>
2026-07-30 11:22:13.628 | DEBUG    | llmcompressor.modifiers.utils.hooks:register_hook:98 - config_groups=None targets=['Linear'] ignore=['lm_head'] scheme='W4A16' kv_cache_scheme=None index=0 group='default' start=None end=None update=None initialized_=True finalized_=False started_=True ended_=False sequential_update=True sequential_targets=None block_size=128 dampening_frac=0.01 actorder=None offload_hessians=False added <torch.utils.hooks.RemovableHandle object at 0x788448efe750>
2026-07-30 11:22:13.628 | DEBUG    | llmcompressor.modifiers.utils.hooks:register_hook:98 - config_groups=None targets=['Linear'] ignore=['lm_head'] scheme='W4A16' kv_cache_scheme=None index=0 group='default' start=None end=None update=None initialized_=True finalized_=False started_=True ended_=False sequential_update=True sequential_targets=None block_size=128 dampening_frac=0.01 actorder=None offload_hessians=False added <torch.utils.hooks.RemovableHandle object at 0x788448efe7e0>
2026-07-30 11:22:13.628 | DEBUG    | llmcompressor.modifiers.utils.hooks:register_hook:98 - config_groups=None targets=['Linear'] ignore=['lm_head'] scheme='W4A16' kv_cache_scheme=None index=0 group='default' start=None end=None update=None initialized_=True finalized_=False started_=True ended_=False sequential_update=True sequential_targets=None block_size=128 dampening_frac=0.01 actorder=None offload_hessians=False added <torch.utils.hooks.RemovableHandle object at 0x78844b192e40>
2026-07-30 11:22:13.628 | DEBUG    | llmcompressor.modifiers.utils.hooks:register_hook:98 - config_groups=None targets=['Linear'] ignore=['lm_head'] scheme='W4A16' kv_cache_scheme=None index=0 group='default' start=None end=None update=None initialized_=True finalized_=False started_=True ended_=False sequential_update=True sequential_targets=None block_size=128 dampening_frac=0.01 actorder=None offload_hessians=False added <torch.utils.hooks.RemovableHandle object at 0x788448efe990>
2026-07-30 11:22:13.628 | DEBUG    | llmcompressor.modifiers.utils.hooks:register_hook:98 - config_groups=None targets=['Linear'] ignore=['lm_head'] scheme='W4A16' kv_cache_scheme=None index=0 group='default' start=None end=None update=None initialized_=True finalized_=False started_=True ended_=False sequential_update=True sequential_targets=None block_size=128 dampening_frac=0.01 actorder=None offload_hessians=False added <torch.utils.hooks.RemovableHandle object at 0x788448efea20>
2026-07-30 11:22:13.629 | DEBUG    | llmcompressor.modifiers.utils.hooks:register_hook:98 - config_groups=None targets=['Linear'] ignore=['lm_head'] scheme='W4A16' kv_cache_scheme=None index=0 group='default' start=None end=None update=None initialized_=True finalized_=False started_=True ended_=False sequential_update=True sequential_targets=None block_size=128 dampening_frac=0.01 actorder=None offload_hessians=False added <torch.utils.hooks.RemovableHandle object at 0x788448efeb40>
2026-07-30 11:22:13.629 | DEBUG    | llmcompressor.modifiers.utils.hooks:register_hook:98 - config_groups=None targets=['Linear'] ignore=['lm_head'] scheme='W4A16' kv_cache_scheme=None index=0 group='default' start=None end=None update=None initialized_=True finalized_=False started_=True ended_=False sequential_update=True sequential_targets=None block_size=128 dampening_frac=0.01 actorder=None offload_hessians=False added <torch.utils.hooks.RemovableHandle object at 0x788448efeab0>
2026-07-30 11:22:13.629 | DEBUG    | llmcompressor.modifiers.utils.hooks:register_hook:98 - config_groups=None targets=['Linear'] ignore=['lm_head'] scheme='W4A16' kv_cache_scheme=None index=0 group='default' start=None end=None update=None initialized_=True finalized_=False started_=True ended_=False sequential_update=True sequential_targets=None block_size=128 dampening_frac=0.01 actorder=None offload_hessians=False added <torch.utils.hooks.RemovableHandle object at 0x788448efec60>
2026-07-30 11:22:13.629 | DEBUG    | llmcompressor.modifiers.utils.hooks:register_hook:98 - config_groups=None targets=['Linear'] ignore=['lm_head'] scheme='W4A16' kv_cache_scheme=None index=0 group='default' start=None end=None update=None initialized_=True finalized_=False started_=True ended_=False sequential_update=True sequential_targets=None block_size=128 dampening_frac=0.01 actorder=None offload_hessians=False added <torch.utils.hooks.RemovableHandle object at 0x788448efed50>
2026-07-30 11:22:13.629 | DEBUG    | llmcompressor.modifiers.utils.hooks:register_hook:98 - config_groups=None targets=['Linear'] ignore=['lm_head'] scheme='W4A16' kv_cache_scheme=None index=0 group='default' start=None end=None update=None initialized_=True finalized_=False started_=True ended_=False sequential_update=True sequential_targets=None block_size=128 dampening_frac=0.01 actorder=None offload_hessians=False added <torch.utils.hooks.RemovableHandle object at 0x788448efecf0>
2026-07-30 11:22:13.630 | DEBUG    | llmcompressor.modifiers.utils.hooks:register_hook:98 - config_groups=None targets=['Linear'] ignore=['lm_head'] scheme='W4A16' kv_cache_scheme=None index=0 group='default' start=None end=None update=None initialized_=True finalized_=False started_=True ended_=False sequential_update=True sequential_targets=None block_size=128 dampening_frac=0.01 actorder=None offload_hessians=False added <torch.utils.hooks.RemovableHandle object at 0x788448efef00>
2026-07-30 11:22:13.630 | DEBUG    | llmcompressor.modifiers.utils.hooks:register_hook:98 - config_groups=None targets=['Linear'] ignore=['lm_head'] scheme='W4A16' kv_cache_scheme=None index=0 group='default' start=None end=None update=None initialized_=True finalized_=False started_=True ended_=False sequential_update=True sequential_targets=None block_size=128 dampening_frac=0.01 actorder=None offload_hessians=False added <torch.utils.hooks.RemovableHandle object at 0x78844899ca70>
2026-07-30 11:22:13.630 | DEBUG    | llmcompressor.modifiers.utils.hooks:register_hook:98 - config_groups=None targets=['Linear'] ignore=['lm_head'] scheme='W4A16' kv_cache_scheme=None index=0 group='default' start=None end=None update=None initialized_=True finalized_=False started_=True ended_=False sequential_update=True sequential_targets=None block_size=128 dampening_frac=0.01 actorder=None offload_hessians=False added <torch.utils.hooks.RemovableHandle object at 0x788448eff080>
2026-07-30 11:22:13.630 | DEBUG    | llmcompressor.modifiers.utils.hooks:register_hook:98 - config_groups=None targets=['Linear'] ignore=['lm_head'] scheme='W4A16' kv_cache_scheme=None index=0 group='default' start=None end=None update=None initialized_=True finalized_=False started_=True ended_=False sequential_update=True sequential_targets=None block_size=128 dampening_frac=0.01 actorder=None offload_hessians=False added <torch.utils.hooks.RemovableHandle object at 0x788448eff170>
2026-07-30 11:22:13.630 | DEBUG    | llmcompressor.modifiers.utils.hooks:register_hook:98 - config_groups=None targets=['Linear'] ignore=['lm_head'] scheme='W4A16' kv_cache_scheme=None index=0 group='default' start=None end=None update=None initialized_=True finalized_=False started_=True ended_=False sequential_update=True sequential_targets=None block_size=128 dampening_frac=0.01 actorder=None offload_hessians=False added <torch.utils.hooks.RemovableHandle object at 0x788448eff260>
2026-07-30 11:22:13.631 | DEBUG    | llmcompressor.modifiers.utils.hooks:register_hook:98 - config_groups=None targets=['Linear'] ignore=['lm_head'] scheme='W4A16' kv_cache_scheme=None index=0 group='default' start=None end=None update=None initialized_=True finalized_=False started_=True ended_=False sequential_update=True sequential_targets=None block_size=128 dampening_frac=0.01 actorder=None offload_hessians=False added <torch.utils.hooks.RemovableHandle object at 0x788448eff320>
2026-07-30 11:22:13.631 | DEBUG    | llmcompressor.modifiers.utils.hooks:register_hook:98 - config_groups=None targets=['Linear'] ignore=['lm_head'] scheme='W4A16' kv_cache_scheme=None index=0 group='default' start=None end=None update=None initialized_=True finalized_=False started_=True ended_=False sequential_update=True sequential_targets=None block_size=128 dampening_frac=0.01 actorder=None offload_hessians=False added <torch.utils.hooks.RemovableHandle object at 0x788448eff3e0>
2026-07-30 11:22:13.631 | DEBUG    | llmcompressor.modifiers.utils.hooks:register_hook:98 - config_groups=None targets=['Linear'] ignore=['lm_head'] scheme='W4A16' kv_cache_scheme=None index=0 group='default' start=None end=None update=None initialized_=True finalized_=False started_=True ended_=False sequential_update=True sequential_targets=None block_size=128 dampening_frac=0.01 actorder=None offload_hessians=False added <torch.utils.hooks.RemovableHandle object at 0x788448eff470>
2026-07-30 11:22:13.631 | DEBUG    | llmcompressor.modifiers.utils.hooks:register_hook:98 - config_groups=None targets=['Linear'] ignore=['lm_head'] scheme='W4A16' kv_cache_scheme=None index=0 group='default' start=None end=None update=None initialized_=True finalized_=False started_=True ended_=False sequential_update=True sequential_targets=None block_size=128 dampening_frac=0.01 actorder=None offload_hessians=False added <torch.utils.hooks.RemovableHandle object at 0x788448eff560>
2026-07-30 11:22:13.631 | DEBUG    | llmcompressor.modifiers.utils.hooks:register_hook:98 - config_groups=None targets=['Linear'] ignore=['lm_head'] scheme='W4A16' kv_cache_scheme=None index=0 group='default' start=None end=None update=None initialized_=True finalized_=False started_=True ended_=False sequential_update=True sequential_targets=None block_size=128 dampening_frac=0.01 actorder=None offload_hessians=False added <torch.utils.hooks.RemovableHandle object at 0x788448eff620>
2026-07-30 11:22:13.632 | DEBUG    | llmcompressor.modifiers.utils.hooks:register_hook:98 - config_groups=None targets=['Linear'] ignore=['lm_head'] scheme='W4A16' kv_cache_scheme=None index=0 group='default' start=None end=None update=None initialized_=True finalized_=False started_=True ended_=False sequential_update=True sequential_targets=None block_size=128 dampening_frac=0.01 actorder=None offload_hessians=False added <torch.utils.hooks.RemovableHandle object at 0x788448eff740>
2026-07-30 11:22:13.632 | DEBUG    | llmcompressor.modifiers.utils.hooks:register_hook:98 - config_groups=None targets=['Linear'] ignore=['lm_head'] scheme='W4A16' kv_cache_scheme=None index=0 group='default' start=None end=None update=None initialized_=True finalized_=False started_=True ended_=False sequential_update=True sequential_targets=None block_size=128 dampening_frac=0.01 actorder=None offload_hessians=False added <torch.utils.hooks.RemovableHandle object at 0x788448eff800>
2026-07-30 11:22:13.632 | DEBUG    | llmcompressor.modifiers.utils.hooks:register_hook:98 - config_groups=None targets=['Linear'] ignore=['lm_head'] scheme='W4A16' kv_cache_scheme=None index=0 group='default' start=None end=None update=None initialized_=True finalized_=False started_=True ended_=False sequential_update=True sequential_targets=None block_size=128 dampening_frac=0.01 actorder=None offload_hessians=False added <torch.utils.hooks.RemovableHandle object at 0x788448efe1b0>
2026-07-30 11:22:13.632 | DEBUG    | llmcompressor.modifiers.utils.hooks:register_hook:98 - config_groups=None targets=['Linear'] ignore=['lm_head'] scheme='W4A16' kv_cache_scheme=None index=0 group='default' start=None end=None update=None initialized_=True finalized_=False started_=True ended_=False sequential_update=True sequential_targets=None block_size=128 dampening_frac=0.01 actorder=None offload_hessians=False added <torch.utils.hooks.RemovableHandle object at 0x788448eff950>
2026-07-30 11:22:13.632 | DEBUG    | llmcompressor.modifiers.utils.hooks:register_hook:98 - config_groups=None targets=['Linear'] ignore=['lm_head'] scheme='W4A16' kv_cache_scheme=None index=0 group='default' start=None end=None update=None initialized_=True finalized_=False started_=True ended_=False sequential_update=True sequential_targets=None block_size=128 dampening_frac=0.01 actorder=None offload_hessians=False added <torch.utils.hooks.RemovableHandle object at 0x788448effa40>
2026-07-30 11:22:13.632 | DEBUG    | llmcompressor.modifiers.utils.hooks:register_hook:98 - config_groups=None targets=['Linear'] ignore=['lm_head'] scheme='W4A16' kv_cache_scheme=None index=0 group='default' start=None end=None update=None initialized_=True finalized_=False started_=True ended_=False sequential_update=True sequential_targets=None block_size=128 dampening_frac=0.01 actorder=None offload_hessians=False added <torch.utils.hooks.RemovableHandle object at 0x788448effb00>
2026-07-30 11:22:13.633 | DEBUG    | llmcompressor.modifiers.utils.hooks:register_hook:98 - config_groups=None targets=['Linear'] ignore=['lm_head'] scheme='W4A16' kv_cache_scheme=None index=0 group='default' start=None end=None update=None initialized_=True finalized_=False started_=True ended_=False sequential_update=True sequential_targets=None block_size=128 dampening_frac=0.01 actorder=None offload_hessians=False added <torch.utils.hooks.RemovableHandle object at 0x78844b1938f0>
2026-07-30 11:22:13.633 | DEBUG    | llmcompressor.modifiers.utils.hooks:register_hook:98 - config_groups=None targets=['Linear'] ignore=['lm_head'] scheme='W4A16' kv_cache_scheme=None index=0 group='default' start=None end=None update=None initialized_=True finalized_=False started_=True ended_=False sequential_update=True sequential_targets=None block_size=128 dampening_frac=0.01 actorder=None offload_hessians=False added <torch.utils.hooks.RemovableHandle object at 0x788448effc50>
2026-07-30 11:22:13.633 | DEBUG    | llmcompressor.modifiers.utils.hooks:register_hook:98 - config_groups=None targets=['Linear'] ignore=['lm_head'] scheme='W4A16' kv_cache_scheme=None index=0 group='default' start=None end=None update=None initialized_=True finalized_=False started_=True ended_=False sequential_update=True sequential_targets=None block_size=128 dampening_frac=0.01 actorder=None offload_hessians=False added <torch.utils.hooks.RemovableHandle object at 0x788448effd40>
2026-07-30 11:22:13.633 | DEBUG    | llmcompressor.modifiers.utils.hooks:register_hook:98 - config_groups=None targets=['Linear'] ignore=['lm_head'] scheme='W4A16' kv_cache_scheme=None index=0 group='default' start=None end=None update=None initialized_=True finalized_=False started_=True ended_=False sequential_update=True sequential_targets=None block_size=128 dampening_frac=0.01 actorder=None offload_hessians=False added <torch.utils.hooks.RemovableHandle object at 0x788448effe30>
2026-07-30 11:22:13.633 | DEBUG    | llmcompressor.modifiers.utils.hooks:register_hook:98 - config_groups=None targets=['Linear'] ignore=['lm_head'] scheme='W4A16' kv_cache_scheme=None index=0 group='default' start=None end=None update=None initialized_=True finalized_=False started_=True ended_=False sequential_update=True sequential_targets=None block_size=128 dampening_frac=0.01 actorder=None offload_hessians=False added <torch.utils.hooks.RemovableHandle object at 0x788448efff20>
2026-07-30 11:22:13.634 | DEBUG    | llmcompressor.modifiers.utils.hooks:register_hook:98 - config_groups=None targets=['Linear'] ignore=['lm_head'] scheme='W4A16' kv_cache_scheme=None index=0 group='default' start=None end=None update=None initialized_=True finalized_=False started_=True ended_=False sequential_update=True sequential_targets=None block_size=128 dampening_frac=0.01 actorder=None offload_hessians=False added <torch.utils.hooks.RemovableHandle object at 0x78844b238d70>
2026-07-30 11:22:13.634 | DEBUG    | llmcompressor.modifiers.utils.hooks:register_hook:98 - config_groups=None targets=['Linear'] ignore=['lm_head'] scheme='W4A16' kv_cache_scheme=None index=0 group='default' start=None end=None update=None initialized_=True finalized_=False started_=True ended_=False sequential_update=True sequential_targets=None block_size=128 dampening_frac=0.01 actorder=None offload_hessians=False added <torch.utils.hooks.RemovableHandle object at 0x788448effe90>
2026-07-30 11:22:13.634 | DEBUG    | llmcompressor.modifiers.utils.hooks:register_hook:98 - config_groups=None targets=['Linear'] ignore=['lm_head'] scheme='W4A16' kv_cache_scheme=None index=0 group='default' start=None end=None update=None initialized_=True finalized_=False started_=True ended_=False sequential_update=True sequential_targets=None block_size=128 dampening_frac=0.01 actorder=None offload_hessians=False added <torch.utils.hooks.RemovableHandle object at 0x788448f0c170>
2026-07-30 11:22:13.634 | DEBUG    | llmcompressor.modifiers.utils.hooks:register_hook:98 - config_groups=None targets=['Linear'] ignore=['lm_head'] scheme='W4A16' kv_cache_scheme=None index=0 group='default' start=None end=None update=None initialized_=True finalized_=False started_=True ended_=False sequential_update=True sequential_targets=None block_size=128 dampening_frac=0.01 actorder=None offload_hessians=False added <torch.utils.hooks.RemovableHandle object at 0x788448f0c200>
2026-07-30 11:22:13.634 | DEBUG    | llmcompressor.modifiers.utils.hooks:register_hook:98 - config_groups=None targets=['Linear'] ignore=['lm_head'] scheme='W4A16' kv_cache_scheme=None index=0 group='default' start=None end=None update=None initialized_=True finalized_=False started_=True ended_=False sequential_update=True sequential_targets=None block_size=128 dampening_frac=0.01 actorder=None offload_hessians=False added <torch.utils.hooks.RemovableHandle object at 0x788448f0c2c0>
2026-07-30 11:22:13.634 | DEBUG    | llmcompressor.modifiers.utils.hooks:register_hook:98 - config_groups=None targets=['Linear'] ignore=['lm_head'] scheme='W4A16' kv_cache_scheme=None index=0 group='default' start=None end=None update=None initialized_=True finalized_=False started_=True ended_=False sequential_update=True sequential_targets=None block_size=128 dampening_frac=0.01 actorder=None offload_hessians=False added <torch.utils.hooks.RemovableHandle object at 0x788448f0c3b0>
2026-07-30 11:22:13.635 | DEBUG    | llmcompressor.modifiers.utils.hooks:register_hook:98 - config_groups=None targets=['Linear'] ignore=['lm_head'] scheme='W4A16' kv_cache_scheme=None index=0 group='default' start=None end=None update=None initialized_=True finalized_=False started_=True ended_=False sequential_update=True sequential_targets=None block_size=128 dampening_frac=0.01 actorder=None offload_hessians=False added <torch.utils.hooks.RemovableHandle object at 0x788448f0c470>
2026-07-30 11:22:13.635 | DEBUG    | llmcompressor.modifiers.utils.hooks:register_hook:98 - config_groups=None targets=['Linear'] ignore=['lm_head'] scheme='W4A16' kv_cache_scheme=None index=0 group='default' start=None end=None update=None initialized_=True finalized_=False started_=True ended_=False sequential_update=True sequential_targets=None block_size=128 dampening_frac=0.01 actorder=None offload_hessians=False added <torch.utils.hooks.RemovableHandle object at 0x788448f0c3e0>
2026-07-30 11:22:13.635 | DEBUG    | llmcompressor.modifiers.utils.hooks:register_hook:98 - config_groups=None targets=['Linear'] ignore=['lm_head'] scheme='W4A16' kv_cache_scheme=None index=0 group='default' start=None end=None update=None initialized_=True finalized_=False started_=True ended_=False sequential_update=True sequential_targets=None block_size=128 dampening_frac=0.01 actorder=None offload_hessians=False added <torch.utils.hooks.RemovableHandle object at 0x788448f0c5c0>
2026-07-30 11:22:13.635 | DEBUG    | llmcompressor.modifiers.utils.hooks:register_hook:98 - config_groups=None targets=['Linear'] ignore=['lm_head'] scheme='W4A16' kv_cache_scheme=None index=0 group='default' start=None end=None update=None initialized_=True finalized_=False started_=True ended_=False sequential_update=True sequential_targets=None block_size=128 dampening_frac=0.01 actorder=None offload_hessians=False added <torch.utils.hooks.RemovableHandle object at 0x788448f0c6b0>
2026-07-30 11:22:13.635 | DEBUG    | llmcompressor.modifiers.utils.hooks:register_hook:98 - config_groups=None targets=['Linear'] ignore=['lm_head'] scheme='W4A16' kv_cache_scheme=None index=0 group='default' start=None end=None update=None initialized_=True finalized_=False started_=True ended_=False sequential_update=True sequential_targets=None block_size=128 dampening_frac=0.01 actorder=None offload_hessians=False added <torch.utils.hooks.RemovableHandle object at 0x788448f0c7a0>
2026-07-30 11:22:13.636 | DEBUG    | llmcompressor.modifiers.utils.hooks:register_hook:98 - config_groups=None targets=['Linear'] ignore=['lm_head'] scheme='W4A16' kv_cache_scheme=None index=0 group='default' start=None end=None update=None initialized_=True finalized_=False started_=True ended_=False sequential_update=True sequential_targets=None block_size=128 dampening_frac=0.01 actorder=None offload_hessians=False added <torch.utils.hooks.RemovableHandle object at 0x788448f0c890>
2026-07-30 11:22:13.636 | DEBUG    | llmcompressor.modifiers.utils.hooks:register_hook:98 - config_groups=None targets=['Linear'] ignore=['lm_head'] scheme='W4A16' kv_cache_scheme=None index=0 group='default' start=None end=None update=None initialized_=True finalized_=False started_=True ended_=False sequential_update=True sequential_targets=None block_size=128 dampening_frac=0.01 actorder=None offload_hessians=False added <torch.utils.hooks.RemovableHandle object at 0x788448f0c950>
2026-07-30 11:22:13.636 | DEBUG    | llmcompressor.modifiers.utils.hooks:register_hook:98 - config_groups=None targets=['Linear'] ignore=['lm_head'] scheme='W4A16' kv_cache_scheme=None index=0 group='default' start=None end=None update=None initialized_=True finalized_=False started_=True ended_=False sequential_update=True sequential_targets=None block_size=128 dampening_frac=0.01 actorder=None offload_hessians=False added <torch.utils.hooks.RemovableHandle object at 0x788448f072f0>
2026-07-30 11:22:13.636 | DEBUG    | llmcompressor.modifiers.utils.hooks:register_hook:98 - config_groups=None targets=['Linear'] ignore=['lm_head'] scheme='W4A16' kv_cache_scheme=None index=0 group='default' start=None end=None update=None initialized_=True finalized_=False started_=True ended_=False sequential_update=True sequential_targets=None block_size=128 dampening_frac=0.01 actorder=None offload_hessians=False added <torch.utils.hooks.RemovableHandle object at 0x788448f0caa0>
2026-07-30 11:22:13.636 | DEBUG    | llmcompressor.modifiers.utils.hooks:register_hook:98 - config_groups=None targets=['Linear'] ignore=['lm_head'] scheme='W4A16' kv_cache_scheme=None index=0 group='default' start=None end=None update=None initialized_=True finalized_=False started_=True ended_=False sequential_update=True sequential_targets=None block_size=128 dampening_frac=0.01 actorder=None offload_hessians=False added <torch.utils.hooks.RemovableHandle object at 0x788448f0cbc0>
2026-07-30 11:22:13.637 | DEBUG    | llmcompressor.modifiers.utils.hooks:register_hook:98 - config_groups=None targets=['Linear'] ignore=['lm_head'] scheme='W4A16' kv_cache_scheme=None index=0 group='default' start=None end=None update=None initialized_=True finalized_=False started_=True ended_=False sequential_update=True sequential_targets=None block_size=128 dampening_frac=0.01 actorder=None offload_hessians=False added <torch.utils.hooks.RemovableHandle object at 0x788448f0cc50>
2026-07-30 11:22:13.637 | DEBUG    | llmcompressor.modifiers.utils.hooks:register_hook:98 - config_groups=None targets=['Linear'] ignore=['lm_head'] scheme='W4A16' kv_cache_scheme=None index=0 group='default' start=None end=None update=None initialized_=True finalized_=False started_=True ended_=False sequential_update=True sequential_targets=None block_size=128 dampening_frac=0.01 actorder=None offload_hessians=False added <torch.utils.hooks.RemovableHandle object at 0x788448f0cd10>
2026-07-30 11:22:13.637 | DEBUG    | llmcompressor.modifiers.utils.hooks:register_hook:98 - config_groups=None targets=['Linear'] ignore=['lm_head'] scheme='W4A16' kv_cache_scheme=None index=0 group='default' start=None end=None update=None initialized_=True finalized_=False started_=True ended_=False sequential_update=True sequential_targets=None block_size=128 dampening_frac=0.01 actorder=None offload_hessians=False added <torch.utils.hooks.RemovableHandle object at 0x788448f0ce00>
2026-07-30 11:22:13.637 | DEBUG    | llmcompressor.modifiers.utils.hooks:register_hook:98 - config_groups=None targets=['Linear'] ignore=['lm_head'] scheme='W4A16' kv_cache_scheme=None index=0 group='default' start=None end=None update=None initialized_=True finalized_=False started_=True ended_=False sequential_update=True sequential_targets=None block_size=128 dampening_frac=0.01 actorder=None offload_hessians=False added <torch.utils.hooks.RemovableHandle object at 0x788448f0cec0>
2026-07-30 11:22:13.637 | DEBUG    | llmcompressor.modifiers.utils.hooks:register_hook:98 - config_groups=None targets=['Linear'] ignore=['lm_head'] scheme='W4A16' kv_cache_scheme=None index=0 group='default' start=None end=None update=None initialized_=True finalized_=False started_=True ended_=False sequential_update=True sequential_targets=None block_size=128 dampening_frac=0.01 actorder=None offload_hessians=False added <torch.utils.hooks.RemovableHandle object at 0x788448f0cf20>
2026-07-30 11:22:13.637 | DEBUG    | llmcompressor.modifiers.utils.hooks:register_hook:98 - config_groups=None targets=['Linear'] ignore=['lm_head'] scheme='W4A16' kv_cache_scheme=None index=0 group='default' start=None end=None update=None initialized_=True finalized_=False started_=True ended_=False sequential_update=True sequential_targets=None block_size=128 dampening_frac=0.01 actorder=None offload_hessians=False added <torch.utils.hooks.RemovableHandle object at 0x788448f0d010>
2026-07-30 11:22:13.638 | DEBUG    | llmcompressor.modifiers.utils.hooks:register_hook:98 - config_groups=None targets=['Linear'] ignore=['lm_head'] scheme='W4A16' kv_cache_scheme=None index=0 group='default' start=None end=None update=None initialized_=True finalized_=False started_=True ended_=False sequential_update=True sequential_targets=None block_size=128 dampening_frac=0.01 actorder=None offload_hessians=False added <torch.utils.hooks.RemovableHandle object at 0x788448f0d0d0>
2026-07-30 11:22:13.638 | DEBUG    | llmcompressor.modifiers.utils.hooks:register_hook:98 - config_groups=None targets=['Linear'] ignore=['lm_head'] scheme='W4A16' kv_cache_scheme=None index=0 group='default' start=None end=None update=None initialized_=True finalized_=False started_=True ended_=False sequential_update=True sequential_targets=None block_size=128 dampening_frac=0.01 actorder=None offload_hessians=False added <torch.utils.hooks.RemovableHandle object at 0x788448f0d1c0>
2026-07-30 11:22:13.638 | DEBUG    | llmcompressor.modifiers.utils.hooks:register_hook:98 - config_groups=None targets=['Linear'] ignore=['lm_head'] scheme='W4A16' kv_cache_scheme=None index=0 group='default' start=None end=None update=None initialized_=True finalized_=False started_=True ended_=False sequential_update=True sequential_targets=None block_size=128 dampening_frac=0.01 actorder=None offload_hessians=False added <torch.utils.hooks.RemovableHandle object at 0x788448f0d2b0>
2026-07-30 11:22:13.638 | DEBUG    | llmcompressor.modifiers.utils.hooks:register_hook:98 - config_groups=None targets=['Linear'] ignore=['lm_head'] scheme='W4A16' kv_cache_scheme=None index=0 group='default' start=None end=None update=None initialized_=True finalized_=False started_=True ended_=False sequential_update=True sequential_targets=None block_size=128 dampening_frac=0.01 actorder=None offload_hessians=False added <torch.utils.hooks.RemovableHandle object at 0x788448f0d3a0>
2026-07-30 11:22:13.638 | DEBUG    | llmcompressor.modifiers.utils.hooks:register_hook:98 - config_groups=None targets=['Linear'] ignore=['lm_head'] scheme='W4A16' kv_cache_scheme=None index=0 group='default' start=None end=None update=None initialized_=True finalized_=False started_=True ended_=False sequential_update=True sequential_targets=None block_size=128 dampening_frac=0.01 actorder=None offload_hessians=False added <torch.utils.hooks.RemovableHandle object at 0x788448f0d490>
2026-07-30 11:22:13.638 | DEBUG    | llmcompressor.modifiers.utils.hooks:register_hook:98 - config_groups=None targets=['Linear'] ignore=['lm_head'] scheme='W4A16' kv_cache_scheme=None index=0 group='default' start=None end=None update=None initialized_=True finalized_=False started_=True ended_=False sequential_update=True sequential_targets=None block_size=128 dampening_frac=0.01 actorder=None offload_hessians=False added <torch.utils.hooks.RemovableHandle object at 0x788448f0d580>
2026-07-30 11:22:13.639 | DEBUG    | llmcompressor.core.lifecycle:event:201 - Updated event with modifier: modifiers=[GPTQModifier(config_groups=None, targets=['Linear'], ignore=['lm_head'], scheme='W4A16', kv_cache_scheme=None, index=0, group='default', start=None, end=None, update=None, initialized_=True, finalized_=False, started_=True, ended_=False, sequential_update=True, sequential_targets=None, block_size=128, dampening_frac=0.01, actorder=None, offload_hessians=False)] index=0 group='GPTQModifier' applied=False
2026-07-30 11:22:22.249 | DEBUG    | llmcompressor.core.lifecycle:event:191 - Handling event: EventType.SEQUENTIAL_EPOCH_END
2026-07-30 11:22:22.250 | INFO     | llmcompressor.modifiers.quantization.gptq.base:compress_modules:260 - Quantizing model.layers.0.self_attn.q_proj using 256 samples
2026-07-30 11:22:23.244 | METRIC   | llmcompressor.utils.metric_logging:compress:127 - time 0.99s
2026-07-30 11:22:23.245 | METRIC   | llmcompressor.utils.metric_logging:compress:129 - error 35.53
2026-07-30 11:22:23.247 | METRIC   | llmcompressor.utils.metric_logging:compress:136 - GPU 0 | usage: 13.38% | total memory: 16 GB
2026-07-30 11:22:23.248 | METRIC   | llmcompressor.utils.metric_logging:compress:145 - Compressed module size: 4.243456 MB
2026-07-30 11:22:23.250 | INFO     | llmcompressor.modifiers.quantization.gptq.base:compress_modules:260 - Quantizing model.layers.0.self_attn.k_proj using 256 samples
2026-07-30 11:22:23.890 | METRIC   | llmcompressor.utils.metric_logging:compress:127 - time 0.64s
2026-07-30 11:22:23.891 | METRIC   | llmcompressor.utils.metric_logging:compress:129 - error 15.85
2026-07-30 11:22:23.893 | METRIC   | llmcompressor.utils.metric_logging:compress:136 - GPU 0 | usage: 13.38% | total memory: 16 GB
2026-07-30 11:22:23.894 | METRIC   | llmcompressor.utils.metric_logging:compress:145 - Compressed module size: 2.121728 MB
2026-07-30 11:22:23.896 | INFO     | llmcompressor.modifiers.quantization.gptq.base:compress_modules:260 - Quantizing model.layers.0.self_attn.v_proj using 256 samples
2026-07-30 11:22:24.565 | METRIC   | llmcompressor.utils.metric_logging:compress:127 - time 0.67s
2026-07-30 11:22:24.567 | METRIC   | llmcompressor.utils.metric_logging:compress:129 - error 12.17
2026-07-30 11:22:24.568 | METRIC   | llmcompressor.utils.metric_logging:compress:136 - GPU 0 | usage: 13.38% | total memory: 16 GB
2026-07-30 11:22:24.569 | METRIC   | llmcompressor.utils.metric_logging:compress:145 - Compressed module size: 2.121728 MB
2026-07-30 11:22:24.571 | INFO     | llmcompressor.modifiers.quantization.gptq.base:compress_modules:260 - Quantizing model.layers.0.self_attn.o_proj using 256 samples
2026-07-30 11:22:25.847 | METRIC   | llmcompressor.utils.metric_logging:compress:127 - time 1.27s
2026-07-30 11:22:25.848 | METRIC   | llmcompressor.utils.metric_logging:compress:129 - error 18.81
2026-07-30 11:22:25.849 | METRIC   | llmcompressor.utils.metric_logging:compress:136 - GPU 0 | usage: 13.38% | total memory: 16 GB
2026-07-30 11:22:25.850 | METRIC   | llmcompressor.utils.metric_logging:compress:145 - Compressed module size: 4.243456 MB
2026-07-30 11:22:25.852 | INFO     | llmcompressor.modifiers.quantization.gptq.base:compress_modules:260 - Quantizing model.layers.0.mlp.gate_proj using 256 samples
2026-07-30 11:22:26.528 | METRIC   | llmcompressor.utils.metric_logging:compress:127 - time 0.68s
2026-07-30 11:22:26.529 | METRIC   | llmcompressor.utils.metric_logging:compress:129 - error 806.51
2026-07-30 11:22:26.530 | METRIC   | llmcompressor.utils.metric_logging:compress:136 - GPU 0 | usage: 13.38% | total memory: 16 GB
2026-07-30 11:22:26.531 | METRIC   | llmcompressor.utils.metric_logging:compress:145 - Compressed module size: 6.365184 MB
2026-07-30 11:22:26.533 | INFO     | llmcompressor.modifiers.quantization.gptq.base:compress_modules:260 - Quantizing model.layers.0.mlp.up_proj using 256 samples
2026-07-30 11:22:27.172 | METRIC   | llmcompressor.utils.metric_logging:compress:127 - time 0.64s
2026-07-30 11:22:27.173 | METRIC   | llmcompressor.utils.metric_logging:compress:129 - error 406.46
2026-07-30 11:22:27.175 | METRIC   | llmcompressor.utils.metric_logging:compress:136 - GPU 0 | usage: 13.38% | total memory: 16 GB
2026-07-30 11:22:27.176 | METRIC   | llmcompressor.utils.metric_logging:compress:145 - Compressed module size: 6.365184 MB
2026-07-30 11:22:27.177 | INFO     | llmcompressor.modifiers.quantization.gptq.base:compress_modules:260 - Quantizing model.layers.0.mlp.down_proj using 256 samples
2026-07-30 11:22:29.291 | METRIC   | llmcompressor.utils.metric_logging:compress:127 - time 2.11s
2026-07-30 11:22:29.293 | METRIC   | llmcompressor.utils.metric_logging:compress:129 - error 17.80
2026-07-30 11:22:29.295 | METRIC   | llmcompressor.utils.metric_logging:compress:136 - GPU 0 | usage: 13.38% | total memory: 16 GB
2026-07-30 11:22:29.296 | METRIC   | llmcompressor.utils.metric_logging:compress:145 - Compressed module size: 6.365184 MB
2026-07-30 11:22:29.298 | DEBUG    | llmcompressor.core.lifecycle:event:201 - Updated event with modifier: modifiers=[GPTQModifier(config_groups=None, targets=['Linear'], ignore=['lm_head'], scheme='W4A16', kv_cache_scheme=None, index=0, group='default', start=None, end=None, update=None, initialized_=True, finalized_=False, started_=True, ended_=False, sequential_update=True, sequential_targets=None, block_size=128, dampening_frac=0.01, actorder=None, offload_hessians=False)] index=0 group='GPTQModifier' applied=False
2026-07-30 11:22:43.365 | DEBUG    | llmcompressor.core.lifecycle:event:191 - Handling event: EventType.SEQUENTIAL_EPOCH_END
2026-07-30 11:22:43.366 | INFO     | llmcompressor.modifiers.quantization.gptq.base:compress_modules:260 - Quantizing model.layers.1.self_attn.q_proj using 256 samples
2026-07-30 11:22:44.008 | METRIC   | llmcompressor.utils.metric_logging:compress:127 - time 0.64s
2026-07-30 11:22:44.010 | METRIC   | llmcompressor.utils.metric_logging:compress:129 - error 35.42
2026-07-30 11:22:44.011 | METRIC   | llmcompressor.utils.metric_logging:compress:136 - GPU 0 | usage: 13.39% | total memory: 16 GB
2026-07-30 11:22:44.012 | METRIC   | llmcompressor.utils.metric_logging:compress:145 - Compressed module size: 4.243456 MB
2026-07-30 11:22:44.014 | INFO     | llmcompressor.modifiers.quantization.gptq.base:compress_modules:260 - Quantizing model.layers.1.self_attn.k_proj using 256 samples
2026-07-30 11:22:44.633 | METRIC   | llmcompressor.utils.metric_logging:compress:127 - time 0.62s
2026-07-30 11:22:44.634 | METRIC   | llmcompressor.utils.metric_logging:compress:129 - error 15.50
2026-07-30 11:22:44.636 | METRIC   | llmcompressor.utils.metric_logging:compress:136 - GPU 0 | usage: 13.39% | total memory: 16 GB
2026-07-30 11:22:44.637 | METRIC   | llmcompressor.utils.metric_logging:compress:145 - Compressed module size: 2.121728 MB
2026-07-30 11:22:44.638 | INFO     | llmcompressor.modifiers.quantization.gptq.base:compress_modules:260 - Quantizing model.layers.1.self_attn.v_proj using 256 samples
2026-07-30 11:22:45.287 | METRIC   | llmcompressor.utils.metric_logging:compress:127 - time 0.65s
2026-07-30 11:22:45.288 | METRIC   | llmcompressor.utils.metric_logging:compress:129 - error 14.71
2026-07-30 11:22:45.290 | METRIC   | llmcompressor.utils.metric_logging:compress:136 - GPU 0 | usage: 13.39% | total memory: 16 GB
2026-07-30 11:22:45.291 | METRIC   | llmcompressor.utils.metric_logging:compress:145 - Compressed module size: 2.121728 MB
2026-07-30 11:22:45.292 | INFO     | llmcompressor.modifiers.quantization.gptq.base:compress_modules:260 - Quantizing model.layers.1.self_attn.o_proj using 256 samples
2026-07-30 11:22:46.534 | METRIC   | llmcompressor.utils.metric_logging:compress:127 - time 1.24s
2026-07-30 11:22:46.536 | METRIC   | llmcompressor.utils.metric_logging:compress:129 - error 5.63
2026-07-30 11:22:46.537 | METRIC   | llmcompressor.utils.metric_logging:compress:136 - GPU 0 | usage: 13.39% | total memory: 16 GB
2026-07-30 11:22:46.538 | METRIC   | llmcompressor.utils.metric_logging:compress:145 - Compressed module size: 4.243456 MB
2026-07-30 11:22:46.540 | INFO     | llmcompressor.modifiers.quantization.gptq.base:compress_modules:260 - Quantizing model.layers.1.mlp.gate_proj using 256 samples
2026-07-30 11:22:47.187 | METRIC   | llmcompressor.utils.metric_logging:compress:127 - time 0.65s
2026-07-30 11:22:47.188 | METRIC   | llmcompressor.utils.metric_logging:compress:129 - error 6723.50
2026-07-30 11:22:47.189 | METRIC   | llmcompressor.utils.metric_logging:compress:136 - GPU 0 | usage: 13.39% | total memory: 16 GB
2026-07-30 11:22:47.190 | METRIC   | llmcompressor.utils.metric_logging:compress:145 - Compressed module size: 6.365184 MB
2026-07-30 11:22:47.192 | INFO     | llmcompressor.modifiers.quantization.gptq.base:compress_modules:260 - Quantizing model.layers.1.mlp.up_proj using 256 samples
2026-07-30 11:22:47.885 | METRIC   | llmcompressor.utils.metric_logging:compress:127 - time 0.69s
2026-07-30 11:22:47.886 | METRIC   | llmcompressor.utils.metric_logging:compress:129 - error 1969.68
2026-07-30 11:22:47.888 | METRIC   | llmcompressor.utils.metric_logging:compress:136 - GPU 0 | usage: 13.39% | total memory: 16 GB
2026-07-30 11:22:47.889 | METRIC   | llmcompressor.utils.metric_logging:compress:145 - Compressed module size: 6.365184 MB
2026-07-30 11:22:47.890 | INFO     | llmcompressor.modifiers.quantization.gptq.base:compress_modules:260 - Quantizing model.layers.1.mlp.down_proj using 256 samples
2026-07-30 11:22:49.929 | METRIC   | llmcompressor.utils.metric_logging:compress:127 - time 2.04s
2026-07-30 11:22:49.930 | METRIC   | llmcompressor.utils.metric_logging:compress:129 - error 33.51
2026-07-30 11:22:49.932 | METRIC   | llmcompressor.utils.metric_logging:compress:136 - GPU 0 | usage: 13.39% | total memory: 16 GB
2026-07-30 11:22:49.933 | METRIC   | llmcompressor.utils.metric_logging:compress:145 - Compressed module size: 6.365184 MB
2026-07-30 11:22:49.934 | DEBUG    | llmcompressor.core.lifecycle:event:201 - Updated event with modifier: modifiers=[GPTQModifier(config_groups=None, targets=['Linear'], ignore=['lm_head'], scheme='W4A16', kv_cache_scheme=None, index=0, group='default', start=None, end=None, update=None, initialized_=True, finalized_=False, started_=True, ended_=False, sequential_update=True, sequential_targets=None, block_size=128, dampening_frac=0.01, actorder=None, offload_hessians=False)] index=0 group='GPTQModifier' applied=False
2026-07-30 11:23:03.043 | DEBUG    | llmcompressor.core.lifecycle:event:191 - Handling event: EventType.SEQUENTIAL_EPOCH_END
2026-07-30 11:23:03.043 | INFO     | llmcompressor.modifiers.quantization.gptq.base:compress_modules:260 - Quantizing model.layers.2.self_attn.q_proj using 256 samples
2026-07-30 11:23:03.728 | METRIC   | llmcompressor.utils.metric_logging:compress:127 - time 0.68s
2026-07-30 11:23:03.730 | METRIC   | llmcompressor.utils.metric_logging:compress:129 - error 84.76
2026-07-30 11:23:03.732 | METRIC   | llmcompressor.utils.metric_logging:compress:136 - GPU 0 | usage: 13.39% | total memory: 16 GB
2026-07-30 11:23:03.733 | METRIC   | llmcompressor.utils.metric_logging:compress:145 - Compressed module size: 4.243456 MB
2026-07-30 11:23:03.734 | INFO     | llmcompressor.modifiers.quantization.gptq.base:compress_modules:260 - Quantizing model.layers.2.self_attn.k_proj using 256 samples
2026-07-30 11:23:04.378 | METRIC   | llmcompressor.utils.metric_logging:compress:127 - time 0.64s
2026-07-30 11:23:04.379 | METRIC   | llmcompressor.utils.metric_logging:compress:129 - error 35.59
2026-07-30 11:23:04.381 | METRIC   | llmcompressor.utils.metric_logging:compress:136 - GPU 0 | usage: 13.39% | total memory: 16 GB
2026-07-30 11:23:04.381 | METRIC   | llmcompressor.utils.metric_logging:compress:145 - Compressed module size: 2.121728 MB
2026-07-30 11:23:04.383 | INFO     | llmcompressor.modifiers.quantization.gptq.base:compress_modules:260 - Quantizing model.layers.2.self_attn.v_proj using 256 samples
2026-07-30 11:23:05.008 | METRIC   | llmcompressor.utils.metric_logging:compress:127 - time 0.62s
2026-07-30 11:23:05.009 | METRIC   | llmcompressor.utils.metric_logging:compress:129 - error 35.01
2026-07-30 11:23:05.012 | METRIC   | llmcompressor.utils.metric_logging:compress:136 - GPU 0 | usage: 13.39% | total memory: 16 GB
2026-07-30 11:23:05.013 | METRIC   | llmcompressor.utils.metric_logging:compress:145 - Compressed module size: 2.121728 MB
2026-07-30 11:23:05.015 | INFO     | llmcompressor.modifiers.quantization.gptq.base:compress_modules:260 - Quantizing model.layers.2.self_attn.o_proj using 256 samples
2026-07-30 11:23:06.321 | METRIC   | llmcompressor.utils.metric_logging:compress:127 - time 1.30s
2026-07-30 11:23:06.322 | METRIC   | llmcompressor.utils.metric_logging:compress:129 - error 13.84
2026-07-30 11:23:06.324 | METRIC   | llmcompressor.utils.metric_logging:compress:136 - GPU 0 | usage: 13.39% | total memory: 16 GB
2026-07-30 11:23:06.325 | METRIC   | llmcompressor.utils.metric_logging:compress:145 - Compressed module size: 4.243456 MB
2026-07-30 11:23:06.326 | INFO     | llmcompressor.modifiers.quantization.gptq.base:compress_modules:260 - Quantizing model.layers.2.mlp.gate_proj using 256 samples
2026-07-30 11:23:06.969 | METRIC   | llmcompressor.utils.metric_logging:compress:127 - time 0.64s
2026-07-30 11:23:06.970 | METRIC   | llmcompressor.utils.metric_logging:compress:129 - error 5339.89
2026-07-30 11:23:06.971 | METRIC   | llmcompressor.utils.metric_logging:compress:136 - GPU 0 | usage: 13.39% | total memory: 16 GB
2026-07-30 11:23:06.972 | METRIC   | llmcompressor.utils.metric_logging:compress:145 - Compressed module size: 6.365184 MB
2026-07-30 11:23:06.974 | INFO     | llmcompressor.modifiers.quantization.gptq.base:compress_modules:260 - Quantizing model.layers.2.mlp.up_proj using 256 samples
2026-07-30 11:23:07.633 | METRIC   | llmcompressor.utils.metric_logging:compress:127 - time 0.66s
2026-07-30 11:23:07.635 | METRIC   | llmcompressor.utils.metric_logging:compress:129 - error 1923.59
2026-07-30 11:23:07.636 | METRIC   | llmcompressor.utils.metric_logging:compress:136 - GPU 0 | usage: 13.39% | total memory: 16 GB
2026-07-30 11:23:07.637 | METRIC   | llmcompressor.utils.metric_logging:compress:145 - Compressed module size: 6.365184 MB
2026-07-30 11:23:07.639 | INFO     | llmcompressor.modifiers.quantization.gptq.base:compress_modules:260 - Quantizing model.layers.2.mlp.down_proj using 256 samples
2026-07-30 11:23:09.717 | METRIC   | llmcompressor.utils.metric_logging:compress:127 - time 2.08s
2026-07-30 11:23:09.719 | METRIC   | llmcompressor.utils.metric_logging:compress:129 - error 1689866.00
2026-07-30 11:23:09.720 | METRIC   | llmcompressor.utils.metric_logging:compress:136 - GPU 0 | usage: 13.39% | total memory: 16 GB
2026-07-30 11:23:09.721 | METRIC   | llmcompressor.utils.metric_logging:compress:145 - Compressed module size: 6.365184 MB
2026-07-30 11:23:09.723 | DEBUG    | llmcompressor.core.lifecycle:event:201 - Updated event with modifier: modifiers=[GPTQModifier(config_groups=None, targets=['Linear'], ignore=['lm_head'], scheme='W4A16', kv_cache_scheme=None, index=0, group='default', start=None, end=None, update=None, initialized_=True, finalized_=False, started_=True, ended_=False, sequential_update=True, sequential_targets=None, block_size=128, dampening_frac=0.01, actorder=None, offload_hessians=False)] index=0 group='GPTQModifier' applied=False
2026-07-30 11:23:22.934 | DEBUG    | llmcompressor.core.lifecycle:event:191 - Handling event: EventType.SEQUENTIAL_EPOCH_END
2026-07-30 11:23:22.934 | INFO     | llmcompressor.modifiers.quantization.gptq.base:compress_modules:260 - Quantizing model.layers.3.self_attn.q_proj using 256 samples
2026-07-30 11:23:23.583 | METRIC   | llmcompressor.utils.metric_logging:compress:127 - time 0.65s
2026-07-30 11:23:23.585 | METRIC   | llmcompressor.utils.metric_logging:compress:129 - error 732.33
2026-07-30 11:23:23.586 | METRIC   | llmcompressor.utils.metric_logging:compress:136 - GPU 0 | usage: 13.39% | total memory: 16 GB
2026-07-30 11:23:23.587 | METRIC   | llmcompressor.utils.metric_logging:compress:145 - Compressed module size: 4.243456 MB
2026-07-30 11:23:23.588 | INFO     | llmcompressor.modifiers.quantization.gptq.base:compress_modules:260 - Quantizing model.layers.3.self_attn.k_proj using 256 samples
2026-07-30 11:23:24.208 | METRIC   | llmcompressor.utils.metric_logging:compress:127 - time 0.62s
2026-07-30 11:23:24.209 | METRIC   | llmcompressor.utils.metric_logging:compress:129 - error 346.43
2026-07-30 11:23:24.211 | METRIC   | llmcompressor.utils.metric_logging:compress:136 - GPU 0 | usage: 13.39% | total memory: 16 GB
2026-07-30 11:23:24.212 | METRIC   | llmcompressor.utils.metric_logging:compress:145 - Compressed module size: 2.121728 MB
2026-07-30 11:23:24.213 | INFO     | llmcompressor.modifiers.quantization.gptq.base:compress_modules:260 - Quantizing model.layers.3.self_attn.v_proj using 256 samples
2026-07-30 11:23:24.844 | METRIC   | llmcompressor.utils.metric_logging:compress:127 - time 0.63s
2026-07-30 11:23:24.845 | METRIC   | llmcompressor.utils.metric_logging:compress:129 - error 336.66
2026-07-30 11:23:24.846 | METRIC   | llmcompressor.utils.metric_logging:compress:136 - GPU 0 | usage: 13.39% | total memory: 16 GB
2026-07-30 11:23:24.847 | METRIC   | llmcompressor.utils.metric_logging:compress:145 - Compressed module size: 2.121728 MB
2026-07-30 11:23:24.849 | INFO     | llmcompressor.modifiers.quantization.gptq.base:compress_modules:260 - Quantizing model.layers.3.self_attn.o_proj using 256 samples
2026-07-30 11:23:26.090 | METRIC   | llmcompressor.utils.metric_logging:compress:127 - time 1.24s
2026-07-30 11:23:26.091 | METRIC   | llmcompressor.utils.metric_logging:compress:129 - error 6.39
2026-07-30 11:23:26.092 | METRIC   | llmcompressor.utils.metric_logging:compress:136 - GPU 0 | usage: 13.39% | total memory: 16 GB
2026-07-30 11:23:26.093 | METRIC   | llmcompressor.utils.metric_logging:compress:145 - Compressed module size: 4.243456 MB
2026-07-30 11:23:26.095 | INFO     | llmcompressor.modifiers.quantization.gptq.base:compress_modules:260 - Quantizing model.layers.3.mlp.gate_proj using 256 samples
2026-07-30 11:23:26.731 | METRIC   | llmcompressor.utils.metric_logging:compress:127 - time 0.63s
2026-07-30 11:23:26.732 | METRIC   | llmcompressor.utils.metric_logging:compress:129 - error 6040.94
2026-07-30 11:23:26.733 | METRIC   | llmcompressor.utils.metric_logging:compress:136 - GPU 0 | usage: 13.39% | total memory: 16 GB
2026-07-30 11:23:26.734 | METRIC   | llmcompressor.utils.metric_logging:compress:145 - Compressed module size: 6.365184 MB
2026-07-30 11:23:26.736 | INFO     | llmcompressor.modifiers.quantization.gptq.base:compress_modules:260 - Quantizing model.layers.3.mlp.up_proj using 256 samples
2026-07-30 11:23:27.399 | METRIC   | llmcompressor.utils.metric_logging:compress:127 - time 0.66s
2026-07-30 11:23:27.400 | METRIC   | llmcompressor.utils.metric_logging:compress:129 - error 2367.22
2026-07-30 11:23:27.402 | METRIC   | llmcompressor.utils.metric_logging:compress:136 - GPU 0 | usage: 13.39% | total memory: 16 GB
2026-07-30 11:23:27.403 | METRIC   | llmcompressor.utils.metric_logging:compress:145 - Compressed module size: 6.365184 MB
2026-07-30 11:23:27.405 | INFO     | llmcompressor.modifiers.quantization.gptq.base:compress_modules:260 - Quantizing model.layers.3.mlp.down_proj using 256 samples
2026-07-30 11:23:29.453 | METRIC   | llmcompressor.utils.metric_logging:compress:127 - time 2.05s
2026-07-30 11:23:29.454 | METRIC   | llmcompressor.utils.metric_logging:compress:129 - error 133.88
2026-07-30 11:23:29.455 | METRIC   | llmcompressor.utils.metric_logging:compress:136 - GPU 0 | usage: 13.39% | total memory: 16 GB
2026-07-30 11:23:29.456 | METRIC   | llmcompressor.utils.metric_logging:compress:145 - Compressed module size: 6.365184 MB
2026-07-30 11:23:29.458 | DEBUG    | llmcompressor.core.lifecycle:event:201 - Updated event with modifier: modifiers=[GPTQModifier(config_groups=None, targets=['Linear'], ignore=['lm_head'], scheme='W4A16', kv_cache_scheme=None, index=0, group='default', start=None, end=None, update=None, initialized_=True, finalized_=False, started_=True, ended_=False, sequential_update=True, sequential_targets=None, block_size=128, dampening_frac=0.01, actorder=None, offload_hessians=False)] index=0 group='GPTQModifier' applied=False
2026-07-30 11:23:42.922 | DEBUG    | llmcompressor.core.lifecycle:event:191 - Handling event: EventType.SEQUENTIAL_EPOCH_END
2026-07-30 11:23:42.922 | INFO     | llmcompressor.modifiers.quantization.gptq.base:compress_modules:260 - Quantizing model.layers.4.self_attn.q_proj using 256 samples
2026-07-30 11:23:43.577 | METRIC   | llmcompressor.utils.metric_logging:compress:127 - time 0.65s
2026-07-30 11:23:43.578 | METRIC   | llmcompressor.utils.metric_logging:compress:129 - error 710.38
2026-07-30 11:23:43.581 | METRIC   | llmcompressor.utils.metric_logging:compress:136 - GPU 0 | usage: 13.39% | total memory: 16 GB
2026-07-30 11:23:43.582 | METRIC   | llmcompressor.utils.metric_logging:compress:145 - Compressed module size: 4.243456 MB
2026-07-30 11:23:43.584 | INFO     | llmcompressor.modifiers.quantization.gptq.base:compress_modules:260 - Quantizing model.layers.4.self_attn.k_proj using 256 samples
2026-07-30 11:23:44.204 | METRIC   | llmcompressor.utils.metric_logging:compress:127 - time 0.62s
2026-07-30 11:23:44.205 | METRIC   | llmcompressor.utils.metric_logging:compress:129 - error 333.99
2026-07-30 11:23:44.206 | METRIC   | llmcompressor.utils.metric_logging:compress:136 - GPU 0 | usage: 13.39% | total memory: 16 GB
2026-07-30 11:23:44.207 | METRIC   | llmcompressor.utils.metric_logging:compress:145 - Compressed module size: 2.121728 MB
2026-07-30 11:23:44.209 | INFO     | llmcompressor.modifiers.quantization.gptq.base:compress_modules:260 - Quantizing model.layers.4.self_attn.v_proj using 256 samples
2026-07-30 11:23:44.819 | METRIC   | llmcompressor.utils.metric_logging:compress:127 - time 0.61s
2026-07-30 11:23:44.820 | METRIC   | llmcompressor.utils.metric_logging:compress:129 - error 329.39
2026-07-30 11:23:44.822 | METRIC   | llmcompressor.utils.metric_logging:compress:136 - GPU 0 | usage: 13.39% | total memory: 16 GB
2026-07-30 11:23:44.823 | METRIC   | llmcompressor.utils.metric_logging:compress:145 - Compressed module size: 2.121728 MB
2026-07-30 11:23:44.824 | INFO     | llmcompressor.modifiers.quantization.gptq.base:compress_modules:260 - Quantizing model.layers.4.self_attn.o_proj using 256 samples
2026-07-30 11:23:46.089 | METRIC   | llmcompressor.utils.metric_logging:compress:127 - time 1.26s
2026-07-30 11:23:46.090 | METRIC   | llmcompressor.utils.metric_logging:compress:129 - error 41.30
2026-07-30 11:23:46.092 | METRIC   | llmcompressor.utils.metric_logging:compress:136 - GPU 0 | usage: 13.39% | total memory: 16 GB
2026-07-30 11:23:46.093 | METRIC   | llmcompressor.utils.metric_logging:compress:145 - Compressed module size: 4.243456 MB
2026-07-30 11:23:46.095 | INFO     | llmcompressor.modifiers.quantization.gptq.base:compress_modules:260 - Quantizing model.layers.4.mlp.gate_proj using 256 samples
2026-07-30 11:23:46.736 | METRIC   | llmcompressor.utils.metric_logging:compress:127 - time 0.64s
2026-07-30 11:23:46.737 | METRIC   | llmcompressor.utils.metric_logging:compress:129 - error 6295.04
2026-07-30 11:23:46.738 | METRIC   | llmcompressor.utils.metric_logging:compress:136 - GPU 0 | usage: 13.39% | total memory: 16 GB
2026-07-30 11:23:46.740 | METRIC   | llmcompressor.utils.metric_logging:compress:145 - Compressed module size: 6.365184 MB
2026-07-30 11:23:46.741 | INFO     | llmcompressor.modifiers.quantization.gptq.base:compress_modules:260 - Quantizing model.layers.4.mlp.up_proj using 256 samples
2026-07-30 11:23:47.366 | METRIC   | llmcompressor.utils.metric_logging:compress:127 - time 0.62s
2026-07-30 11:23:47.367 | METRIC   | llmcompressor.utils.metric_logging:compress:129 - error 2812.14
2026-07-30 11:23:47.368 | METRIC   | llmcompressor.utils.metric_logging:compress:136 - GPU 0 | usage: 13.39% | total memory: 16 GB
2026-07-30 11:23:47.369 | METRIC   | llmcompressor.utils.metric_logging:compress:145 - Compressed module size: 6.365184 MB
2026-07-30 11:23:47.371 | INFO     | llmcompressor.modifiers.quantization.gptq.base:compress_modules:260 - Quantizing model.layers.4.mlp.down_proj using 256 samples
2026-07-30 11:23:49.444 | METRIC   | llmcompressor.utils.metric_logging:compress:127 - time 2.07s
2026-07-30 11:23:49.445 | METRIC   | llmcompressor.utils.metric_logging:compress:129 - error 190.73
2026-07-30 11:23:49.447 | METRIC   | llmcompressor.utils.metric_logging:compress:136 - GPU 0 | usage: 13.39% | total memory: 16 GB
2026-07-30 11:23:49.448 | METRIC   | llmcompressor.utils.metric_logging:compress:145 - Compressed module size: 6.365184 MB
2026-07-30 11:23:49.450 | DEBUG    | llmcompressor.core.lifecycle:event:201 - Updated event with modifier: modifiers=[GPTQModifier(config_groups=None, targets=['Linear'], ignore=['lm_head'], scheme='W4A16', kv_cache_scheme=None, index=0, group='default', start=None, end=None, update=None, initialized_=True, finalized_=False, started_=True, ended_=False, sequential_update=True, sequential_targets=None, block_size=128, dampening_frac=0.01, actorder=None, offload_hessians=False)] index=0 group='GPTQModifier' applied=False
2026-07-30 11:24:02.800 | DEBUG    | llmcompressor.core.lifecycle:event:191 - Handling event: EventType.SEQUENTIAL_EPOCH_END
2026-07-30 11:24:02.801 | INFO     | llmcompressor.modifiers.quantization.gptq.base:compress_modules:260 - Quantizing model.layers.5.self_attn.q_proj using 256 samples
2026-07-30 11:24:03.451 | METRIC   | llmcompressor.utils.metric_logging:compress:127 - time 0.65s
2026-07-30 11:24:03.453 | METRIC   | llmcompressor.utils.metric_logging:compress:129 - error 1510.76
2026-07-30 11:24:03.454 | METRIC   | llmcompressor.utils.metric_logging:compress:136 - GPU 0 | usage: 13.39% | total memory: 16 GB
2026-07-30 11:24:03.455 | METRIC   | llmcompressor.utils.metric_logging:compress:145 - Compressed module size: 4.243456 MB
2026-07-30 11:24:03.456 | INFO     | llmcompressor.modifiers.quantization.gptq.base:compress_modules:260 - Quantizing model.layers.5.self_attn.k_proj using 256 samples
2026-07-30 11:24:04.071 | METRIC   | llmcompressor.utils.metric_logging:compress:127 - time 0.61s
2026-07-30 11:24:04.072 | METRIC   | llmcompressor.utils.metric_logging:compress:129 - error 648.57
2026-07-30 11:24:04.074 | METRIC   | llmcompressor.utils.metric_logging:compress:136 - GPU 0 | usage: 13.39% | total memory: 16 GB
2026-07-30 11:24:04.075 | METRIC   | llmcompressor.utils.metric_logging:compress:145 - Compressed module size: 2.121728 MB
2026-07-30 11:24:04.076 | INFO     | llmcompressor.modifiers.quantization.gptq.base:compress_modules:260 - Quantizing model.layers.5.self_attn.v_proj using 256 samples
2026-07-30 11:24:04.700 | METRIC   | llmcompressor.utils.metric_logging:compress:127 - time 0.62s
2026-07-30 11:24:04.702 | METRIC   | llmcompressor.utils.metric_logging:compress:129 - error 584.54
2026-07-30 11:24:04.703 | METRIC   | llmcompressor.utils.metric_logging:compress:136 - GPU 0 | usage: 13.39% | total memory: 16 GB
2026-07-30 11:24:04.704 | METRIC   | llmcompressor.utils.metric_logging:compress:145 - Compressed module size: 2.121728 MB
2026-07-30 11:24:04.705 | INFO     | llmcompressor.modifiers.quantization.gptq.base:compress_modules:260 - Quantizing model.layers.5.self_attn.o_proj using 256 samples
2026-07-30 11:24:05.945 | METRIC   | llmcompressor.utils.metric_logging:compress:127 - time 1.24s
2026-07-30 11:24:05.946 | METRIC   | llmcompressor.utils.metric_logging:compress:129 - error 24.64
2026-07-30 11:24:05.947 | METRIC   | llmcompressor.utils.metric_logging:compress:136 - GPU 0 | usage: 13.39% | total memory: 16 GB
2026-07-30 11:24:05.948 | METRIC   | llmcompressor.utils.metric_logging:compress:145 - Compressed module size: 4.243456 MB
2026-07-30 11:24:05.950 | INFO     | llmcompressor.modifiers.quantization.gptq.base:compress_modules:260 - Quantizing model.layers.5.mlp.gate_proj using 256 samples
2026-07-30 11:24:06.603 | METRIC   | llmcompressor.utils.metric_logging:compress:127 - time 0.65s
2026-07-30 11:24:06.604 | METRIC   | llmcompressor.utils.metric_logging:compress:129 - error 4574.05
2026-07-30 11:24:06.605 | METRIC   | llmcompressor.utils.metric_logging:compress:136 - GPU 0 | usage: 13.39% | total memory: 16 GB
2026-07-30 11:24:06.606 | METRIC   | llmcompressor.utils.metric_logging:compress:145 - Compressed module size: 6.365184 MB
2026-07-30 11:24:06.608 | INFO     | llmcompressor.modifiers.quantization.gptq.base:compress_modules:260 - Quantizing model.layers.5.mlp.up_proj using 256 samples
2026-07-30 11:24:07.254 | METRIC   | llmcompressor.utils.metric_logging:compress:127 - time 0.65s
2026-07-30 11:24:07.255 | METRIC   | llmcompressor.utils.metric_logging:compress:129 - error 2758.58
2026-07-30 11:24:07.256 | METRIC   | llmcompressor.utils.metric_logging:compress:136 - GPU 0 | usage: 13.39% | total memory: 16 GB
2026-07-30 11:24:07.258 | METRIC   | llmcompressor.utils.metric_logging:compress:145 - Compressed module size: 6.365184 MB
2026-07-30 11:24:07.259 | INFO     | llmcompressor.modifiers.quantization.gptq.base:compress_modules:260 - Quantizing model.layers.5.mlp.down_proj using 256 samples
2026-07-30 11:24:09.291 | METRIC   | llmcompressor.utils.metric_logging:compress:127 - time 2.03s
2026-07-30 11:24:09.292 | METRIC   | llmcompressor.utils.metric_logging:compress:129 - error 273.28
2026-07-30 11:24:09.293 | METRIC   | llmcompressor.utils.metric_logging:compress:136 - GPU 0 | usage: 13.39% | total memory: 16 GB
2026-07-30 11:24:09.294 | METRIC   | llmcompressor.utils.metric_logging:compress:145 - Compressed module size: 6.365184 MB
2026-07-30 11:24:09.296 | DEBUG    | llmcompressor.core.lifecycle:event:201 - Updated event with modifier: modifiers=[GPTQModifier(config_groups=None, targets=['Linear'], ignore=['lm_head'], scheme='W4A16', kv_cache_scheme=None, index=0, group='default', start=None, end=None, update=None, initialized_=True, finalized_=False, started_=True, ended_=False, sequential_update=True, sequential_targets=None, block_size=128, dampening_frac=0.01, actorder=None, offload_hessians=False)] index=0 group='GPTQModifier' applied=False
2026-07-30 11:24:22.846 | DEBUG    | llmcompressor.core.lifecycle:event:191 - Handling event: EventType.SEQUENTIAL_EPOCH_END
2026-07-30 11:24:22.847 | INFO     | llmcompressor.modifiers.quantization.gptq.base:compress_modules:260 - Quantizing model.layers.6.self_attn.q_proj using 256 samples
2026-07-30 11:24:23.501 | METRIC   | llmcompressor.utils.metric_logging:compress:127 - time 0.65s
2026-07-30 11:24:23.502 | METRIC   | llmcompressor.utils.metric_logging:compress:129 - error 1157.88
2026-07-30 11:24:23.504 | METRIC   | llmcompressor.utils.metric_logging:compress:136 - GPU 0 | usage: 13.39% | total memory: 16 GB
2026-07-30 11:24:23.504 | METRIC   | llmcompressor.utils.metric_logging:compress:145 - Compressed module size: 4.243456 MB
2026-07-30 11:24:23.506 | INFO     | llmcompressor.modifiers.quantization.gptq.base:compress_modules:260 - Quantizing model.layers.6.self_attn.k_proj using 256 samples
2026-07-30 11:24:24.121 | METRIC   | llmcompressor.utils.metric_logging:compress:127 - time 0.61s
2026-07-30 11:24:24.122 | METRIC   | llmcompressor.utils.metric_logging:compress:129 - error 498.79
2026-07-30 11:24:24.124 | METRIC   | llmcompressor.utils.metric_logging:compress:136 - GPU 0 | usage: 13.39% | total memory: 16 GB
2026-07-30 11:24:24.125 | METRIC   | llmcompressor.utils.metric_logging:compress:145 - Compressed module size: 2.121728 MB
2026-07-30 11:24:24.127 | INFO     | llmcompressor.modifiers.quantization.gptq.base:compress_modules:260 - Quantizing model.layers.6.self_attn.v_proj using 256 samples
2026-07-30 11:24:24.739 | METRIC   | llmcompressor.utils.metric_logging:compress:127 - time 0.61s
2026-07-30 11:24:24.740 | METRIC   | llmcompressor.utils.metric_logging:compress:129 - error 458.58
2026-07-30 11:24:24.742 | METRIC   | llmcompressor.utils.metric_logging:compress:136 - GPU 0 | usage: 13.39% | total memory: 16 GB
2026-07-30 11:24:24.743 | METRIC   | llmcompressor.utils.metric_logging:compress:145 - Compressed module size: 2.121728 MB
2026-07-30 11:24:24.744 | INFO     | llmcompressor.modifiers.quantization.gptq.base:compress_modules:260 - Quantizing model.layers.6.self_attn.o_proj using 256 samples
2026-07-30 11:24:25.992 | METRIC   | llmcompressor.utils.metric_logging:compress:127 - time 1.25s
2026-07-30 11:24:25.993 | METRIC   | llmcompressor.utils.metric_logging:compress:129 - error 36.19
2026-07-30 11:24:25.995 | METRIC   | llmcompressor.utils.metric_logging:compress:136 - GPU 0 | usage: 13.39% | total memory: 16 GB
2026-07-30 11:24:25.996 | METRIC   | llmcompressor.utils.metric_logging:compress:145 - Compressed module size: 4.243456 MB
2026-07-30 11:24:25.997 | INFO     | llmcompressor.modifiers.quantization.gptq.base:compress_modules:260 - Quantizing model.layers.6.mlp.gate_proj using 256 samples
2026-07-30 11:24:26.633 | METRIC   | llmcompressor.utils.metric_logging:compress:127 - time 0.63s
2026-07-30 11:24:26.634 | METRIC   | llmcompressor.utils.metric_logging:compress:129 - error 6644.47
2026-07-30 11:24:26.635 | METRIC   | llmcompressor.utils.metric_logging:compress:136 - GPU 0 | usage: 13.39% | total memory: 16 GB
2026-07-30 11:24:26.636 | METRIC   | llmcompressor.utils.metric_logging:compress:145 - Compressed module size: 6.365184 MB
2026-07-30 11:24:26.638 | INFO     | llmcompressor.modifiers.quantization.gptq.base:compress_modules:260 - Quantizing model.layers.6.mlp.up_proj using 256 samples
2026-07-30 11:24:27.408 | METRIC   | llmcompressor.utils.metric_logging:compress:127 - time 0.77s
2026-07-30 11:24:27.410 | METRIC   | llmcompressor.utils.metric_logging:compress:129 - error 4240.80
2026-07-30 11:24:27.412 | METRIC   | llmcompressor.utils.metric_logging:compress:136 - GPU 0 | usage: 13.39% | total memory: 16 GB
2026-07-30 11:24:27.413 | METRIC   | llmcompressor.utils.metric_logging:compress:145 - Compressed module size: 6.365184 MB
2026-07-30 11:24:27.415 | INFO     | llmcompressor.modifiers.quantization.gptq.base:compress_modules:260 - Quantizing model.layers.6.mlp.down_proj using 256 samples
2026-07-30 11:24:29.446 | METRIC   | llmcompressor.utils.metric_logging:compress:127 - time 2.03s
2026-07-30 11:24:29.447 | METRIC   | llmcompressor.utils.metric_logging:compress:129 - error 443.32
2026-07-30 11:24:29.449 | METRIC   | llmcompressor.utils.metric_logging:compress:136 - GPU 0 | usage: 13.39% | total memory: 16 GB
2026-07-30 11:24:29.450 | METRIC   | llmcompressor.utils.metric_logging:compress:145 - Compressed module size: 6.365184 MB
2026-07-30 11:24:29.452 | DEBUG    | llmcompressor.core.lifecycle:event:201 - Updated event with modifier: modifiers=[GPTQModifier(config_groups=None, targets=['Linear'], ignore=['lm_head'], scheme='W4A16', kv_cache_scheme=None, index=0, group='default', start=None, end=None, update=None, initialized_=True, finalized_=False, started_=True, ended_=False, sequential_update=True, sequential_targets=None, block_size=128, dampening_frac=0.01, actorder=None, offload_hessians=False)] index=0 group='GPTQModifier' applied=False
2026-07-30 11:24:43.289 | DEBUG    | llmcompressor.core.lifecycle:event:191 - Handling event: EventType.SEQUENTIAL_EPOCH_END
2026-07-30 11:24:43.290 | INFO     | llmcompressor.modifiers.quantization.gptq.base:compress_modules:260 - Quantizing model.layers.7.self_attn.q_proj using 256 samples
2026-07-30 11:24:43.929 | METRIC   | llmcompressor.utils.metric_logging:compress:127 - time 0.64s
2026-07-30 11:24:43.930 | METRIC   | llmcompressor.utils.metric_logging:compress:129 - error 2677.76
2026-07-30 11:24:43.932 | METRIC   | llmcompressor.utils.metric_logging:compress:136 - GPU 0 | usage: 13.39% | total memory: 16 GB
2026-07-30 11:24:43.933 | METRIC   | llmcompressor.utils.metric_logging:compress:145 - Compressed module size: 4.243456 MB
2026-07-30 11:24:43.935 | INFO     | llmcompressor.modifiers.quantization.gptq.base:compress_modules:260 - Quantizing model.layers.7.self_attn.k_proj using 256 samples
2026-07-30 11:24:44.529 | METRIC   | llmcompressor.utils.metric_logging:compress:127 - time 0.59s
2026-07-30 11:24:44.530 | METRIC   | llmcompressor.utils.metric_logging:compress:129 - error 1109.18
2026-07-30 11:24:44.531 | METRIC   | llmcompressor.utils.metric_logging:compress:136 - GPU 0 | usage: 13.39% | total memory: 16 GB
2026-07-30 11:24:44.532 | METRIC   | llmcompressor.utils.metric_logging:compress:145 - Compressed module size: 2.121728 MB
2026-07-30 11:24:44.533 | INFO     | llmcompressor.modifiers.quantization.gptq.base:compress_modules:260 - Quantizing model.layers.7.self_attn.v_proj using 256 samples
2026-07-30 11:24:45.167 | METRIC   | llmcompressor.utils.metric_logging:compress:127 - time 0.63s
2026-07-30 11:24:45.169 | METRIC   | llmcompressor.utils.metric_logging:compress:129 - error 1151.70
2026-07-30 11:24:45.170 | METRIC   | llmcompressor.utils.metric_logging:compress:136 - GPU 0 | usage: 13.39% | total memory: 16 GB
2026-07-30 11:24:45.171 | METRIC   | llmcompressor.utils.metric_logging:compress:145 - Compressed module size: 2.121728 MB
2026-07-30 11:24:45.172 | INFO     | llmcompressor.modifiers.quantization.gptq.base:compress_modules:260 - Quantizing model.layers.7.self_attn.o_proj using 256 samples
2026-07-30 11:24:46.413 | METRIC   | llmcompressor.utils.metric_logging:compress:127 - time 1.24s
2026-07-30 11:24:46.414 | METRIC   | llmcompressor.utils.metric_logging:compress:129 - error 36.90
2026-07-30 11:24:46.415 | METRIC   | llmcompressor.utils.metric_logging:compress:136 - GPU 0 | usage: 13.39% | total memory: 16 GB
2026-07-30 11:24:46.416 | METRIC   | llmcompressor.utils.metric_logging:compress:145 - Compressed module size: 4.243456 MB
2026-07-30 11:24:46.418 | INFO     | llmcompressor.modifiers.quantization.gptq.base:compress_modules:260 - Quantizing model.layers.7.mlp.gate_proj using 256 samples
2026-07-30 11:24:47.063 | METRIC   | llmcompressor.utils.metric_logging:compress:127 - time 0.64s
2026-07-30 11:24:47.064 | METRIC   | llmcompressor.utils.metric_logging:compress:129 - error 8973.18
2026-07-30 11:24:47.066 | METRIC   | llmcompressor.utils.metric_logging:compress:136 - GPU 0 | usage: 13.39% | total memory: 16 GB
2026-07-30 11:24:47.066 | METRIC   | llmcompressor.utils.metric_logging:compress:145 - Compressed module size: 6.365184 MB
2026-07-30 11:24:47.068 | INFO     | llmcompressor.modifiers.quantization.gptq.base:compress_modules:260 - Quantizing model.layers.7.mlp.up_proj using 256 samples
2026-07-30 11:24:47.706 | METRIC   | llmcompressor.utils.metric_logging:compress:127 - time 0.64s
2026-07-30 11:24:47.707 | METRIC   | llmcompressor.utils.metric_logging:compress:129 - error 5588.43
2026-07-30 11:24:47.708 | METRIC   | llmcompressor.utils.metric_logging:compress:136 - GPU 0 | usage: 13.39% | total memory: 16 GB
2026-07-30 11:24:47.709 | METRIC   | llmcompressor.utils.metric_logging:compress:145 - Compressed module size: 6.365184 MB
2026-07-30 11:24:47.711 | INFO     | llmcompressor.modifiers.quantization.gptq.base:compress_modules:260 - Quantizing model.layers.7.mlp.down_proj using 256 samples
2026-07-30 11:24:49.742 | METRIC   | llmcompressor.utils.metric_logging:compress:127 - time 2.03s
2026-07-30 11:24:49.743 | METRIC   | llmcompressor.utils.metric_logging:compress:129 - error 545.91
2026-07-30 11:24:49.744 | METRIC   | llmcompressor.utils.metric_logging:compress:136 - GPU 0 | usage: 13.39% | total memory: 16 GB
2026-07-30 11:24:49.745 | METRIC   | llmcompressor.utils.metric_logging:compress:145 - Compressed module size: 6.365184 MB
2026-07-30 11:24:49.746 | DEBUG    | llmcompressor.core.lifecycle:event:201 - Updated event with modifier: modifiers=[GPTQModifier(config_groups=None, targets=['Linear'], ignore=['lm_head'], scheme='W4A16', kv_cache_scheme=None, index=0, group='default', start=None, end=None, update=None, initialized_=True, finalized_=False, started_=True, ended_=False, sequential_update=True, sequential_targets=None, block_size=128, dampening_frac=0.01, actorder=None, offload_hessians=False)] index=0 group='GPTQModifier' applied=False
2026-07-30 11:25:03.241 | DEBUG    | llmcompressor.core.lifecycle:event:191 - Handling event: EventType.SEQUENTIAL_EPOCH_END
2026-07-30 11:25:03.242 | INFO     | llmcompressor.modifiers.quantization.gptq.base:compress_modules:260 - Quantizing model.layers.8.self_attn.q_proj using 256 samples
2026-07-30 11:25:03.988 | METRIC   | llmcompressor.utils.metric_logging:compress:127 - time 0.74s
2026-07-30 11:25:03.990 | METRIC   | llmcompressor.utils.metric_logging:compress:129 - error 3389.49
2026-07-30 11:25:03.991 | METRIC   | llmcompressor.utils.metric_logging:compress:136 - GPU 0 | usage: 13.39% | total memory: 16 GB
2026-07-30 11:25:03.992 | METRIC   | llmcompressor.utils.metric_logging:compress:145 - Compressed module size: 4.243456 MB
2026-07-30 11:25:03.993 | INFO     | llmcompressor.modifiers.quantization.gptq.base:compress_modules:260 - Quantizing model.layers.8.self_attn.k_proj using 256 samples
2026-07-30 11:25:04.642 | METRIC   | llmcompressor.utils.metric_logging:compress:127 - time 0.65s
2026-07-30 11:25:04.643 | METRIC   | llmcompressor.utils.metric_logging:compress:129 - error 1463.68
2026-07-30 11:25:04.645 | METRIC   | llmcompressor.utils.metric_logging:compress:136 - GPU 0 | usage: 13.39% | total memory: 16 GB
2026-07-30 11:25:04.646 | METRIC   | llmcompressor.utils.metric_logging:compress:145 - Compressed module size: 2.121728 MB
2026-07-30 11:25:04.647 | INFO     | llmcompressor.modifiers.quantization.gptq.base:compress_modules:260 - Quantizing model.layers.8.self_attn.v_proj using 256 samples
2026-07-30 11:25:05.290 | METRIC   | llmcompressor.utils.metric_logging:compress:127 - time 0.64s
2026-07-30 11:25:05.291 | METRIC   | llmcompressor.utils.metric_logging:compress:129 - error 1399.71
2026-07-30 11:25:05.292 | METRIC   | llmcompressor.utils.metric_logging:compress:136 - GPU 0 | usage: 13.39% | total memory: 16 GB
2026-07-30 11:25:05.293 | METRIC   | llmcompressor.utils.metric_logging:compress:145 - Compressed module size: 2.121728 MB
2026-07-30 11:25:05.294 | INFO     | llmcompressor.modifiers.quantization.gptq.base:compress_modules:260 - Quantizing model.layers.8.self_attn.o_proj using 256 samples
2026-07-30 11:25:06.523 | METRIC   | llmcompressor.utils.metric_logging:compress:127 - time 1.23s
2026-07-30 11:25:06.524 | METRIC   | llmcompressor.utils.metric_logging:compress:129 - error 38.58
2026-07-30 11:25:06.526 | METRIC   | llmcompressor.utils.metric_logging:compress:136 - GPU 0 | usage: 13.39% | total memory: 16 GB
2026-07-30 11:25:06.527 | METRIC   | llmcompressor.utils.metric_logging:compress:145 - Compressed module size: 4.243456 MB
2026-07-30 11:25:06.528 | INFO     | llmcompressor.modifiers.quantization.gptq.base:compress_modules:260 - Quantizing model.layers.8.mlp.gate_proj using 256 samples
2026-07-30 11:25:07.157 | METRIC   | llmcompressor.utils.metric_logging:compress:127 - time 0.63s
2026-07-30 11:25:07.159 | METRIC   | llmcompressor.utils.metric_logging:compress:129 - error 10235.90
2026-07-30 11:25:07.160 | METRIC   | llmcompressor.utils.metric_logging:compress:136 - GPU 0 | usage: 13.39% | total memory: 16 GB
2026-07-30 11:25:07.161 | METRIC   | llmcompressor.utils.metric_logging:compress:145 - Compressed module size: 6.365184 MB
2026-07-30 11:25:07.163 | INFO     | llmcompressor.modifiers.quantization.gptq.base:compress_modules:260 - Quantizing model.layers.8.mlp.up_proj using 256 samples
2026-07-30 11:25:07.822 | METRIC   | llmcompressor.utils.metric_logging:compress:127 - time 0.66s
2026-07-30 11:25:07.823 | METRIC   | llmcompressor.utils.metric_logging:compress:129 - error 6644.12
2026-07-30 11:25:07.824 | METRIC   | llmcompressor.utils.metric_logging:compress:136 - GPU 0 | usage: 13.39% | total memory: 16 GB
2026-07-30 11:25:07.825 | METRIC   | llmcompressor.utils.metric_logging:compress:145 - Compressed module size: 6.365184 MB
2026-07-30 11:25:07.827 | INFO     | llmcompressor.modifiers.quantization.gptq.base:compress_modules:260 - Quantizing model.layers.8.mlp.down_proj using 256 samples
2026-07-30 11:25:09.767 | METRIC   | llmcompressor.utils.metric_logging:compress:127 - time 1.94s
2026-07-30 11:25:09.769 | METRIC   | llmcompressor.utils.metric_logging:compress:129 - error 910.23
2026-07-30 11:25:09.770 | METRIC   | llmcompressor.utils.metric_logging:compress:136 - GPU 0 | usage: 13.39% | total memory: 16 GB
2026-07-30 11:25:09.771 | METRIC   | llmcompressor.utils.metric_logging:compress:145 - Compressed module size: 6.365184 MB
2026-07-30 11:25:09.772 | DEBUG    | llmcompressor.core.lifecycle:event:201 - Updated event with modifier: modifiers=[GPTQModifier(config_groups=None, targets=['Linear'], ignore=['lm_head'], scheme='W4A16', kv_cache_scheme=None, index=0, group='default', start=None, end=None, update=None, initialized_=True, finalized_=False, started_=True, ended_=False, sequential_update=True, sequential_targets=None, block_size=128, dampening_frac=0.01, actorder=None, offload_hessians=False)] index=0 group='GPTQModifier' applied=False
2026-07-30 11:25:23.279 | DEBUG    | llmcompressor.core.lifecycle:event:191 - Handling event: EventType.SEQUENTIAL_EPOCH_END
2026-07-30 11:25:23.280 | INFO     | llmcompressor.modifiers.quantization.gptq.base:compress_modules:260 - Quantizing model.layers.9.self_attn.q_proj using 256 samples
2026-07-30 11:25:23.940 | METRIC   | llmcompressor.utils.metric_logging:compress:127 - time 0.66s
2026-07-30 11:25:23.941 | METRIC   | llmcompressor.utils.metric_logging:compress:129 - error 7580.43
2026-07-30 11:25:23.942 | METRIC   | llmcompressor.utils.metric_logging:compress:136 - GPU 0 | usage: 13.39% | total memory: 16 GB
2026-07-30 11:25:23.944 | METRIC   | llmcompressor.utils.metric_logging:compress:145 - Compressed module size: 4.243456 MB
2026-07-30 11:25:23.945 | INFO     | llmcompressor.modifiers.quantization.gptq.base:compress_modules:260 - Quantizing model.layers.9.self_attn.k_proj using 256 samples
2026-07-30 11:25:24.534 | METRIC   | llmcompressor.utils.metric_logging:compress:127 - time 0.59s
2026-07-30 11:25:24.535 | METRIC   | llmcompressor.utils.metric_logging:compress:129 - error 2993.03
2026-07-30 11:25:24.536 | METRIC   | llmcompressor.utils.metric_logging:compress:136 - GPU 0 | usage: 13.39% | total memory: 16 GB
2026-07-30 11:25:24.537 | METRIC   | llmcompressor.utils.metric_logging:compress:145 - Compressed module size: 2.121728 MB
2026-07-30 11:25:24.538 | INFO     | llmcompressor.modifiers.quantization.gptq.base:compress_modules:260 - Quantizing model.layers.9.self_attn.v_proj using 256 samples
2026-07-30 11:25:25.176 | METRIC   | llmcompressor.utils.metric_logging:compress:127 - time 0.64s
2026-07-30 11:25:25.178 | METRIC   | llmcompressor.utils.metric_logging:compress:129 - error 3078.28
2026-07-30 11:25:25.179 | METRIC   | llmcompressor.utils.metric_logging:compress:136 - GPU 0 | usage: 13.39% | total memory: 16 GB
2026-07-30 11:25:25.180 | METRIC   | llmcompressor.utils.metric_logging:compress:145 - Compressed module size: 2.121728 MB
2026-07-30 11:25:25.181 | INFO     | llmcompressor.modifiers.quantization.gptq.base:compress_modules:260 - Quantizing model.layers.9.self_attn.o_proj using 256 samples
2026-07-30 11:25:26.646 | METRIC   | llmcompressor.utils.metric_logging:compress:127 - time 1.46s
2026-07-30 11:25:26.648 | METRIC   | llmcompressor.utils.metric_logging:compress:129 - error 52.02
2026-07-30 11:25:26.649 | METRIC   | llmcompressor.utils.metric_logging:compress:136 - GPU 0 | usage: 13.39% | total memory: 16 GB
2026-07-30 11:25:26.650 | METRIC   | llmcompressor.utils.metric_logging:compress:145 - Compressed module size: 4.243456 MB
2026-07-30 11:25:26.652 | INFO     | llmcompressor.modifiers.quantization.gptq.base:compress_modules:260 - Quantizing model.layers.9.mlp.gate_proj using 256 samples
2026-07-30 11:25:27.329 | METRIC   | llmcompressor.utils.metric_logging:compress:127 - time 0.68s
2026-07-30 11:25:27.331 | METRIC   | llmcompressor.utils.metric_logging:compress:129 - error 13735.33
2026-07-30 11:25:27.332 | METRIC   | llmcompressor.utils.metric_logging:compress:136 - GPU 0 | usage: 13.39% | total memory: 16 GB
2026-07-30 11:25:27.334 | METRIC   | llmcompressor.utils.metric_logging:compress:145 - Compressed module size: 6.365184 MB
2026-07-30 11:25:27.335 | INFO     | llmcompressor.modifiers.quantization.gptq.base:compress_modules:260 - Quantizing model.layers.9.mlp.up_proj using 256 samples
2026-07-30 11:25:28.034 | METRIC   | llmcompressor.utils.metric_logging:compress:127 - time 0.70s
2026-07-30 11:25:28.035 | METRIC   | llmcompressor.utils.metric_logging:compress:129 - error 8756.89
2026-07-30 11:25:28.037 | METRIC   | llmcompressor.utils.metric_logging:compress:136 - GPU 0 | usage: 13.39% | total memory: 16 GB
2026-07-30 11:25:28.038 | METRIC   | llmcompressor.utils.metric_logging:compress:145 - Compressed module size: 6.365184 MB
2026-07-30 11:25:28.039 | INFO     | llmcompressor.modifiers.quantization.gptq.base:compress_modules:260 - Quantizing model.layers.9.mlp.down_proj using 256 samples
2026-07-30 11:25:30.040 | METRIC   | llmcompressor.utils.metric_logging:compress:127 - time 2.00s
2026-07-30 11:25:30.042 | METRIC   | llmcompressor.utils.metric_logging:compress:129 - error 1627.99
2026-07-30 11:25:30.044 | METRIC   | llmcompressor.utils.metric_logging:compress:136 - GPU 0 | usage: 13.39% | total memory: 16 GB
2026-07-30 11:25:30.045 | METRIC   | llmcompressor.utils.metric_logging:compress:145 - Compressed module size: 6.365184 MB
2026-07-30 11:25:30.047 | DEBUG    | llmcompressor.core.lifecycle:event:201 - Updated event with modifier: modifiers=[GPTQModifier(config_groups=None, targets=['Linear'], ignore=['lm_head'], scheme='W4A16', kv_cache_scheme=None, index=0, group='default', start=None, end=None, update=None, initialized_=True, finalized_=False, started_=True, ended_=False, sequential_update=True, sequential_targets=None, block_size=128, dampening_frac=0.01, actorder=None, offload_hessians=False)] index=0 group='GPTQModifier' applied=False
2026-07-30 11:25:43.713 | DEBUG    | llmcompressor.core.lifecycle:event:191 - Handling event: EventType.SEQUENTIAL_EPOCH_END
2026-07-30 11:25:43.714 | INFO     | llmcompressor.modifiers.quantization.gptq.base:compress_modules:260 - Quantizing model.layers.10.self_attn.q_proj using 256 samples
2026-07-30 11:25:44.395 | METRIC   | llmcompressor.utils.metric_logging:compress:127 - time 0.68s
2026-07-30 11:25:44.396 | METRIC   | llmcompressor.utils.metric_logging:compress:129 - error 8695.74
2026-07-30 11:25:44.398 | METRIC   | llmcompressor.utils.metric_logging:compress:136 - GPU 0 | usage: 13.39% | total memory: 16 GB
2026-07-30 11:25:44.399 | METRIC   | llmcompressor.utils.metric_logging:compress:145 - Compressed module size: 4.243456 MB
2026-07-30 11:25:44.400 | INFO     | llmcompressor.modifiers.quantization.gptq.base:compress_modules:260 - Quantizing model.layers.10.self_attn.k_proj using 256 samples
2026-07-30 11:25:45.025 | METRIC   | llmcompressor.utils.metric_logging:compress:127 - time 0.62s
2026-07-30 11:25:45.026 | METRIC   | llmcompressor.utils.metric_logging:compress:129 - error 3688.16
2026-07-30 11:25:45.028 | METRIC   | llmcompressor.utils.metric_logging:compress:136 - GPU 0 | usage: 13.39% | total memory: 16 GB
2026-07-30 11:25:45.029 | METRIC   | llmcompressor.utils.metric_logging:compress:145 - Compressed module size: 2.121728 MB
2026-07-30 11:25:45.030 | INFO     | llmcompressor.modifiers.quantization.gptq.base:compress_modules:260 - Quantizing model.layers.10.self_attn.v_proj using 256 samples
2026-07-30 11:25:45.640 | METRIC   | llmcompressor.utils.metric_logging:compress:127 - time 0.61s
2026-07-30 11:25:45.642 | METRIC   | llmcompressor.utils.metric_logging:compress:129 - error 3495.30
2026-07-30 11:25:45.643 | METRIC   | llmcompressor.utils.metric_logging:compress:136 - GPU 0 | usage: 13.39% | total memory: 16 GB
2026-07-30 11:25:45.645 | METRIC   | llmcompressor.utils.metric_logging:compress:145 - Compressed module size: 2.121728 MB
2026-07-30 11:25:45.646 | INFO     | llmcompressor.modifiers.quantization.gptq.base:compress_modules:260 - Quantizing model.layers.10.self_attn.o_proj using 256 samples
2026-07-30 11:25:46.997 | METRIC   | llmcompressor.utils.metric_logging:compress:127 - time 1.35s
2026-07-30 11:25:46.998 | METRIC   | llmcompressor.utils.metric_logging:compress:129 - error 58.68
2026-07-30 11:25:47.000 | METRIC   | llmcompressor.utils.metric_logging:compress:136 - GPU 0 | usage: 13.39% | total memory: 16 GB
2026-07-30 11:25:47.001 | METRIC   | llmcompressor.utils.metric_logging:compress:145 - Compressed module size: 4.243456 MB
2026-07-30 11:25:47.002 | INFO     | llmcompressor.modifiers.quantization.gptq.base:compress_modules:260 - Quantizing model.layers.10.mlp.gate_proj using 256 samples
2026-07-30 11:25:47.699 | METRIC   | llmcompressor.utils.metric_logging:compress:127 - time 0.70s
2026-07-30 11:25:47.701 | METRIC   | llmcompressor.utils.metric_logging:compress:129 - error 14564.64
2026-07-30 11:25:47.702 | METRIC   | llmcompressor.utils.metric_logging:compress:136 - GPU 0 | usage: 13.39% | total memory: 16 GB
2026-07-30 11:25:47.703 | METRIC   | llmcompressor.utils.metric_logging:compress:145 - Compressed module size: 6.365184 MB
2026-07-30 11:25:47.705 | INFO     | llmcompressor.modifiers.quantization.gptq.base:compress_modules:260 - Quantizing model.layers.10.mlp.up_proj using 256 samples
2026-07-30 11:25:48.476 | METRIC   | llmcompressor.utils.metric_logging:compress:127 - time 0.77s
2026-07-30 11:25:48.477 | METRIC   | llmcompressor.utils.metric_logging:compress:129 - error 9280.43
2026-07-30 11:25:48.479 | METRIC   | llmcompressor.utils.metric_logging:compress:136 - GPU 0 | usage: 13.39% | total memory: 16 GB
2026-07-30 11:25:48.480 | METRIC   | llmcompressor.utils.metric_logging:compress:145 - Compressed module size: 6.365184 MB
2026-07-30 11:25:48.481 | INFO     | llmcompressor.modifiers.quantization.gptq.base:compress_modules:260 - Quantizing model.layers.10.mlp.down_proj using 256 samples
2026-07-30 11:25:50.496 | METRIC   | llmcompressor.utils.metric_logging:compress:127 - time 2.01s
2026-07-30 11:25:50.498 | METRIC   | llmcompressor.utils.metric_logging:compress:129 - error 2154.88
2026-07-30 11:25:50.499 | METRIC   | llmcompressor.utils.metric_logging:compress:136 - GPU 0 | usage: 13.39% | total memory: 16 GB
2026-07-30 11:25:50.501 | METRIC   | llmcompressor.utils.metric_logging:compress:145 - Compressed module size: 6.365184 MB
2026-07-30 11:25:50.502 | DEBUG    | llmcompressor.core.lifecycle:event:201 - Updated event with modifier: modifiers=[GPTQModifier(config_groups=None, targets=['Linear'], ignore=['lm_head'], scheme='W4A16', kv_cache_scheme=None, index=0, group='default', start=None, end=None, update=None, initialized_=True, finalized_=False, started_=True, ended_=False, sequential_update=True, sequential_targets=None, block_size=128, dampening_frac=0.01, actorder=None, offload_hessians=False)] index=0 group='GPTQModifier' applied=False
2026-07-30 11:26:04.590 | DEBUG    | llmcompressor.core.lifecycle:event:191 - Handling event: EventType.SEQUENTIAL_EPOCH_END
2026-07-30 11:26:04.591 | INFO     | llmcompressor.modifiers.quantization.gptq.base:compress_modules:260 - Quantizing model.layers.11.self_attn.q_proj using 256 samples
2026-07-30 11:26:05.282 | METRIC   | llmcompressor.utils.metric_logging:compress:127 - time 0.69s
2026-07-30 11:26:05.283 | METRIC   | llmcompressor.utils.metric_logging:compress:129 - error 15061.47
2026-07-30 11:26:05.284 | METRIC   | llmcompressor.utils.metric_logging:compress:136 - GPU 0 | usage: 13.39% | total memory: 16 GB
2026-07-30 11:26:05.285 | METRIC   | llmcompressor.utils.metric_logging:compress:145 - Compressed module size: 4.243456 MB
2026-07-30 11:26:05.287 | INFO     | llmcompressor.modifiers.quantization.gptq.base:compress_modules:260 - Quantizing model.layers.11.self_attn.k_proj using 256 samples
2026-07-30 11:26:05.902 | METRIC   | llmcompressor.utils.metric_logging:compress:127 - time 0.61s
2026-07-30 11:26:05.903 | METRIC   | llmcompressor.utils.metric_logging:compress:129 - error 5564.24
2026-07-30 11:26:05.905 | METRIC   | llmcompressor.utils.metric_logging:compress:136 - GPU 0 | usage: 13.39% | total memory: 16 GB
2026-07-30 11:26:05.905 | METRIC   | llmcompressor.utils.metric_logging:compress:145 - Compressed module size: 2.121728 MB
2026-07-30 11:26:05.907 | INFO     | llmcompressor.modifiers.quantization.gptq.base:compress_modules:260 - Quantizing model.layers.11.self_attn.v_proj using 256 samples
2026-07-30 11:26:06.512 | METRIC   | llmcompressor.utils.metric_logging:compress:127 - time 0.60s
2026-07-30 11:26:06.513 | METRIC   | llmcompressor.utils.metric_logging:compress:129 - error 5132.28
2026-07-30 11:26:06.515 | METRIC   | llmcompressor.utils.metric_logging:compress:136 - GPU 0 | usage: 13.39% | total memory: 16 GB
2026-07-30 11:26:06.516 | METRIC   | llmcompressor.utils.metric_logging:compress:145 - Compressed module size: 2.121728 MB
2026-07-30 11:26:06.517 | INFO     | llmcompressor.modifiers.quantization.gptq.base:compress_modules:260 - Quantizing model.layers.11.self_attn.o_proj using 256 samples
2026-07-30 11:26:07.805 | METRIC   | llmcompressor.utils.metric_logging:compress:127 - time 1.29s
2026-07-30 11:26:07.807 | METRIC   | llmcompressor.utils.metric_logging:compress:129 - error 142.73
2026-07-30 11:26:07.808 | METRIC   | llmcompressor.utils.metric_logging:compress:136 - GPU 0 | usage: 13.39% | total memory: 16 GB
2026-07-30 11:26:07.809 | METRIC   | llmcompressor.utils.metric_logging:compress:145 - Compressed module size: 4.243456 MB
2026-07-30 11:26:07.811 | INFO     | llmcompressor.modifiers.quantization.gptq.base:compress_modules:260 - Quantizing model.layers.11.mlp.gate_proj using 256 samples
2026-07-30 11:26:08.493 | METRIC   | llmcompressor.utils.metric_logging:compress:127 - time 0.68s
2026-07-30 11:26:08.494 | METRIC   | llmcompressor.utils.metric_logging:compress:129 - error 14463.74
2026-07-30 11:26:08.496 | METRIC   | llmcompressor.utils.metric_logging:compress:136 - GPU 0 | usage: 13.39% | total memory: 16 GB
2026-07-30 11:26:08.496 | METRIC   | llmcompressor.utils.metric_logging:compress:145 - Compressed module size: 6.365184 MB
2026-07-30 11:26:08.498 | INFO     | llmcompressor.modifiers.quantization.gptq.base:compress_modules:260 - Quantizing model.layers.11.mlp.up_proj using 256 samples
2026-07-30 11:26:09.154 | METRIC   | llmcompressor.utils.metric_logging:compress:127 - time 0.66s
2026-07-30 11:26:09.155 | METRIC   | llmcompressor.utils.metric_logging:compress:129 - error 11319.82
2026-07-30 11:26:09.157 | METRIC   | llmcompressor.utils.metric_logging:compress:136 - GPU 0 | usage: 13.39% | total memory: 16 GB
2026-07-30 11:26:09.158 | METRIC   | llmcompressor.utils.metric_logging:compress:145 - Compressed module size: 6.365184 MB
2026-07-30 11:26:09.160 | INFO     | llmcompressor.modifiers.quantization.gptq.base:compress_modules:260 - Quantizing model.layers.11.mlp.down_proj using 256 samples
2026-07-30 11:26:11.127 | METRIC   | llmcompressor.utils.metric_logging:compress:127 - time 1.97s
2026-07-30 11:26:11.129 | METRIC   | llmcompressor.utils.metric_logging:compress:129 - error 2990.60
2026-07-30 11:26:11.130 | METRIC   | llmcompressor.utils.metric_logging:compress:136 - GPU 0 | usage: 13.39% | total memory: 16 GB
2026-07-30 11:26:11.132 | METRIC   | llmcompressor.utils.metric_logging:compress:145 - Compressed module size: 6.365184 MB
2026-07-30 11:26:11.133 | DEBUG    | llmcompressor.core.lifecycle:event:201 - Updated event with modifier: modifiers=[GPTQModifier(config_groups=None, targets=['Linear'], ignore=['lm_head'], scheme='W4A16', kv_cache_scheme=None, index=0, group='default', start=None, end=None, update=None, initialized_=True, finalized_=False, started_=True, ended_=False, sequential_update=True, sequential_targets=None, block_size=128, dampening_frac=0.01, actorder=None, offload_hessians=False)] index=0 group='GPTQModifier' applied=False
2026-07-30 11:26:25.847 | DEBUG    | llmcompressor.core.lifecycle:event:191 - Handling event: EventType.SEQUENTIAL_EPOCH_END
2026-07-30 11:26:25.848 | INFO     | llmcompressor.modifiers.quantization.gptq.base:compress_modules:260 - Quantizing model.layers.12.self_attn.q_proj using 256 samples
2026-07-30 11:26:26.503 | METRIC   | llmcompressor.utils.metric_logging:compress:127 - time 0.65s
2026-07-30 11:26:26.505 | METRIC   | llmcompressor.utils.metric_logging:compress:129 - error 17325.28
2026-07-30 11:26:26.506 | METRIC   | llmcompressor.utils.metric_logging:compress:136 - GPU 0 | usage: 13.39% | total memory: 16 GB
2026-07-30 11:26:26.507 | METRIC   | llmcompressor.utils.metric_logging:compress:145 - Compressed module size: 4.243456 MB
2026-07-30 11:26:26.509 | INFO     | llmcompressor.modifiers.quantization.gptq.base:compress_modules:260 - Quantizing model.layers.12.self_attn.k_proj using 256 samples
2026-07-30 11:26:27.263 | METRIC   | llmcompressor.utils.metric_logging:compress:127 - time 0.75s
2026-07-30 11:26:27.265 | METRIC   | llmcompressor.utils.metric_logging:compress:129 - error 6210.49
2026-07-30 11:26:27.266 | METRIC   | llmcompressor.utils.metric_logging:compress:136 - GPU 0 | usage: 13.39% | total memory: 16 GB
2026-07-30 11:26:27.267 | METRIC   | llmcompressor.utils.metric_logging:compress:145 - Compressed module size: 2.121728 MB
2026-07-30 11:26:27.269 | INFO     | llmcompressor.modifiers.quantization.gptq.base:compress_modules:260 - Quantizing model.layers.12.self_attn.v_proj using 256 samples
2026-07-30 11:26:27.983 | METRIC   | llmcompressor.utils.metric_logging:compress:127 - time 0.71s
2026-07-30 11:26:27.984 | METRIC   | llmcompressor.utils.metric_logging:compress:129 - error 6552.03
2026-07-30 11:26:27.986 | METRIC   | llmcompressor.utils.metric_logging:compress:136 - GPU 0 | usage: 13.39% | total memory: 16 GB
2026-07-30 11:26:27.986 | METRIC   | llmcompressor.utils.metric_logging:compress:145 - Compressed module size: 2.121728 MB
2026-07-30 11:26:27.988 | INFO     | llmcompressor.modifiers.quantization.gptq.base:compress_modules:260 - Quantizing model.layers.12.self_attn.o_proj using 256 samples
2026-07-30 11:26:29.331 | METRIC   | llmcompressor.utils.metric_logging:compress:127 - time 1.34s
2026-07-30 11:26:29.332 | METRIC   | llmcompressor.utils.metric_logging:compress:129 - error 58.68
2026-07-30 11:26:29.333 | METRIC   | llmcompressor.utils.metric_logging:compress:136 - GPU 0 | usage: 13.39% | total memory: 16 GB
2026-07-30 11:26:29.334 | METRIC   | llmcompressor.utils.metric_logging:compress:145 - Compressed module size: 4.243456 MB
2026-07-30 11:26:29.336 | INFO     | llmcompressor.modifiers.quantization.gptq.base:compress_modules:260 - Quantizing model.layers.12.mlp.gate_proj using 256 samples
2026-07-30 11:26:30.015 | METRIC   | llmcompressor.utils.metric_logging:compress:127 - time 0.68s
2026-07-30 11:26:30.016 | METRIC   | llmcompressor.utils.metric_logging:compress:129 - error 12252.83
2026-07-30 11:26:30.017 | METRIC   | llmcompressor.utils.metric_logging:compress:136 - GPU 0 | usage: 13.39% | total memory: 16 GB
2026-07-30 11:26:30.018 | METRIC   | llmcompressor.utils.metric_logging:compress:145 - Compressed module size: 6.365184 MB
2026-07-30 11:26:30.020 | INFO     | llmcompressor.modifiers.quantization.gptq.base:compress_modules:260 - Quantizing model.layers.12.mlp.up_proj using 256 samples
2026-07-30 11:26:30.766 | METRIC   | llmcompressor.utils.metric_logging:compress:127 - time 0.75s
2026-07-30 11:26:30.767 | METRIC   | llmcompressor.utils.metric_logging:compress:129 - error 10321.02
2026-07-30 11:26:30.768 | METRIC   | llmcompressor.utils.metric_logging:compress:136 - GPU 0 | usage: 13.39% | total memory: 16 GB
2026-07-30 11:26:30.769 | METRIC   | llmcompressor.utils.metric_logging:compress:145 - Compressed module size: 6.365184 MB
2026-07-30 11:26:30.771 | INFO     | llmcompressor.modifiers.quantization.gptq.base:compress_modules:260 - Quantizing model.layers.12.mlp.down_proj using 256 samples
2026-07-30 11:26:32.795 | METRIC   | llmcompressor.utils.metric_logging:compress:127 - time 2.02s
2026-07-30 11:26:32.796 | METRIC   | llmcompressor.utils.metric_logging:compress:129 - error 2621.02
2026-07-30 11:26:32.798 | METRIC   | llmcompressor.utils.metric_logging:compress:136 - GPU 0 | usage: 13.39% | total memory: 16 GB
2026-07-30 11:26:32.799 | METRIC   | llmcompressor.utils.metric_logging:compress:145 - Compressed module size: 6.365184 MB
2026-07-30 11:26:32.801 | DEBUG    | llmcompressor.core.lifecycle:event:201 - Updated event with modifier: modifiers=[GPTQModifier(config_groups=None, targets=['Linear'], ignore=['lm_head'], scheme='W4A16', kv_cache_scheme=None, index=0, group='default', start=None, end=None, update=None, initialized_=True, finalized_=False, started_=True, ended_=False, sequential_update=True, sequential_targets=None, block_size=128, dampening_frac=0.01, actorder=None, offload_hessians=False)] index=0 group='GPTQModifier' applied=False
2026-07-30 11:26:47.191 | DEBUG    | llmcompressor.core.lifecycle:event:191 - Handling event: EventType.SEQUENTIAL_EPOCH_END
2026-07-30 11:26:47.191 | INFO     | llmcompressor.modifiers.quantization.gptq.base:compress_modules:260 - Quantizing model.layers.13.self_attn.q_proj using 256 samples
2026-07-30 11:26:47.901 | METRIC   | llmcompressor.utils.metric_logging:compress:127 - time 0.71s
2026-07-30 11:26:47.902 | METRIC   | llmcompressor.utils.metric_logging:compress:129 - error 17034.51
2026-07-30 11:26:47.904 | METRIC   | llmcompressor.utils.metric_logging:compress:136 - GPU 0 | usage: 13.39% | total memory: 16 GB
2026-07-30 11:26:47.905 | METRIC   | llmcompressor.utils.metric_logging:compress:145 - Compressed module size: 4.243456 MB
2026-07-30 11:26:47.906 | INFO     | llmcompressor.modifiers.quantization.gptq.base:compress_modules:260 - Quantizing model.layers.13.self_attn.k_proj using 256 samples
2026-07-30 11:26:48.568 | METRIC   | llmcompressor.utils.metric_logging:compress:127 - time 0.66s
2026-07-30 11:26:48.569 | METRIC   | llmcompressor.utils.metric_logging:compress:129 - error 5733.23
2026-07-30 11:26:48.571 | METRIC   | llmcompressor.utils.metric_logging:compress:136 - GPU 0 | usage: 13.39% | total memory: 16 GB
2026-07-30 11:26:48.572 | METRIC   | llmcompressor.utils.metric_logging:compress:145 - Compressed module size: 2.121728 MB
2026-07-30 11:26:48.573 | INFO     | llmcompressor.modifiers.quantization.gptq.base:compress_modules:260 - Quantizing model.layers.13.self_attn.v_proj using 256 samples
2026-07-30 11:26:49.190 | METRIC   | llmcompressor.utils.metric_logging:compress:127 - time 0.62s
2026-07-30 11:26:49.192 | METRIC   | llmcompressor.utils.metric_logging:compress:129 - error 6861.58
2026-07-30 11:26:49.193 | METRIC   | llmcompressor.utils.metric_logging:compress:136 - GPU 0 | usage: 13.39% | total memory: 16 GB
2026-07-30 11:26:49.194 | METRIC   | llmcompressor.utils.metric_logging:compress:145 - Compressed module size: 2.121728 MB
2026-07-30 11:26:49.195 | INFO     | llmcompressor.modifiers.quantization.gptq.base:compress_modules:260 - Quantizing model.layers.13.self_attn.o_proj using 256 samples
2026-07-30 11:26:50.501 | METRIC   | llmcompressor.utils.metric_logging:compress:127 - time 1.30s
2026-07-30 11:26:50.503 | METRIC   | llmcompressor.utils.metric_logging:compress:129 - error 70.74
2026-07-30 11:26:50.504 | METRIC   | llmcompressor.utils.metric_logging:compress:136 - GPU 0 | usage: 13.39% | total memory: 16 GB
2026-07-30 11:26:50.505 | METRIC   | llmcompressor.utils.metric_logging:compress:145 - Compressed module size: 4.243456 MB
2026-07-30 11:26:50.506 | INFO     | llmcompressor.modifiers.quantization.gptq.base:compress_modules:260 - Quantizing model.layers.13.mlp.gate_proj using 256 samples
2026-07-30 11:26:51.163 | METRIC   | llmcompressor.utils.metric_logging:compress:127 - time 0.66s
2026-07-30 11:26:51.165 | METRIC   | llmcompressor.utils.metric_logging:compress:129 - error 12750.44
2026-07-30 11:26:51.166 | METRIC   | llmcompressor.utils.metric_logging:compress:136 - GPU 0 | usage: 13.39% | total memory: 16 GB
2026-07-30 11:26:51.167 | METRIC   | llmcompressor.utils.metric_logging:compress:145 - Compressed module size: 6.365184 MB
2026-07-30 11:26:51.168 | INFO     | llmcompressor.modifiers.quantization.gptq.base:compress_modules:260 - Quantizing model.layers.13.mlp.up_proj using 256 samples
2026-07-30 11:26:51.811 | METRIC   | llmcompressor.utils.metric_logging:compress:127 - time 0.64s
2026-07-30 11:26:51.812 | METRIC   | llmcompressor.utils.metric_logging:compress:129 - error 10547.77
2026-07-30 11:26:51.814 | METRIC   | llmcompressor.utils.metric_logging:compress:136 - GPU 0 | usage: 13.39% | total memory: 16 GB
2026-07-30 11:26:51.815 | METRIC   | llmcompressor.utils.metric_logging:compress:145 - Compressed module size: 6.365184 MB
2026-07-30 11:26:51.816 | INFO     | llmcompressor.modifiers.quantization.gptq.base:compress_modules:260 - Quantizing model.layers.13.mlp.down_proj using 256 samples
2026-07-30 11:26:53.839 | METRIC   | llmcompressor.utils.metric_logging:compress:127 - time 2.02s
2026-07-30 11:26:53.841 | METRIC   | llmcompressor.utils.metric_logging:compress:129 - error 2469.94
2026-07-30 11:26:53.842 | METRIC   | llmcompressor.utils.metric_logging:compress:136 - GPU 0 | usage: 13.39% | total memory: 16 GB
2026-07-30 11:26:53.843 | METRIC   | llmcompressor.utils.metric_logging:compress:145 - Compressed module size: 6.365184 MB
2026-07-30 11:26:53.844 | DEBUG    | llmcompressor.core.lifecycle:event:201 - Updated event with modifier: modifiers=[GPTQModifier(config_groups=None, targets=['Linear'], ignore=['lm_head'], scheme='W4A16', kv_cache_scheme=None, index=0, group='default', start=None, end=None, update=None, initialized_=True, finalized_=False, started_=True, ended_=False, sequential_update=True, sequential_targets=None, block_size=128, dampening_frac=0.01, actorder=None, offload_hessians=False)] index=0 group='GPTQModifier' applied=False
2026-07-30 11:27:07.884 | DEBUG    | llmcompressor.core.lifecycle:event:191 - Handling event: EventType.SEQUENTIAL_EPOCH_END
2026-07-30 11:27:07.884 | INFO     | llmcompressor.modifiers.quantization.gptq.base:compress_modules:260 - Quantizing model.layers.14.self_attn.q_proj using 256 samples
2026-07-30 11:27:08.534 | METRIC   | llmcompressor.utils.metric_logging:compress:127 - time 0.65s
2026-07-30 11:27:08.535 | METRIC   | llmcompressor.utils.metric_logging:compress:129 - error 21594.64
2026-07-30 11:27:08.536 | METRIC   | llmcompressor.utils.metric_logging:compress:136 - GPU 0 | usage: 13.39% | total memory: 16 GB
2026-07-30 11:27:08.538 | METRIC   | llmcompressor.utils.metric_logging:compress:145 - Compressed module size: 4.243456 MB
2026-07-30 11:27:08.539 | INFO     | llmcompressor.modifiers.quantization.gptq.base:compress_modules:260 - Quantizing model.layers.14.self_attn.k_proj using 256 samples
2026-07-30 11:27:09.171 | METRIC   | llmcompressor.utils.metric_logging:compress:127 - time 0.63s
2026-07-30 11:27:09.172 | METRIC   | llmcompressor.utils.metric_logging:compress:129 - error 7779.58
2026-07-30 11:27:09.174 | METRIC   | llmcompressor.utils.metric_logging:compress:136 - GPU 0 | usage: 13.39% | total memory: 16 GB
2026-07-30 11:27:09.175 | METRIC   | llmcompressor.utils.metric_logging:compress:145 - Compressed module size: 2.121728 MB
2026-07-30 11:27:09.177 | INFO     | llmcompressor.modifiers.quantization.gptq.base:compress_modules:260 - Quantizing model.layers.14.self_attn.v_proj using 256 samples
2026-07-30 11:27:09.797 | METRIC   | llmcompressor.utils.metric_logging:compress:127 - time 0.62s
2026-07-30 11:27:09.798 | METRIC   | llmcompressor.utils.metric_logging:compress:129 - error 8380.86
2026-07-30 11:27:09.799 | METRIC   | llmcompressor.utils.metric_logging:compress:136 - GPU 0 | usage: 13.39% | total memory: 16 GB
2026-07-30 11:27:09.800 | METRIC   | llmcompressor.utils.metric_logging:compress:145 - Compressed module size: 2.121728 MB
2026-07-30 11:27:09.802 | INFO     | llmcompressor.modifiers.quantization.gptq.base:compress_modules:260 - Quantizing model.layers.14.self_attn.o_proj using 256 samples
2026-07-30 11:27:11.087 | METRIC   | llmcompressor.utils.metric_logging:compress:127 - time 1.28s
2026-07-30 11:27:11.088 | METRIC   | llmcompressor.utils.metric_logging:compress:129 - error 78.88
2026-07-30 11:27:11.090 | METRIC   | llmcompressor.utils.metric_logging:compress:136 - GPU 0 | usage: 13.39% | total memory: 16 GB
2026-07-30 11:27:11.091 | METRIC   | llmcompressor.utils.metric_logging:compress:145 - Compressed module size: 4.243456 MB
2026-07-30 11:27:11.092 | INFO     | llmcompressor.modifiers.quantization.gptq.base:compress_modules:260 - Quantizing model.layers.14.mlp.gate_proj using 256 samples
2026-07-30 11:27:11.911 | METRIC   | llmcompressor.utils.metric_logging:compress:127 - time 0.82s
2026-07-30 11:27:11.912 | METRIC   | llmcompressor.utils.metric_logging:compress:129 - error 13963.83
2026-07-30 11:27:11.914 | METRIC   | llmcompressor.utils.metric_logging:compress:136 - GPU 0 | usage: 13.39% | total memory: 16 GB
2026-07-30 11:27:11.915 | METRIC   | llmcompressor.utils.metric_logging:compress:145 - Compressed module size: 6.365184 MB
2026-07-30 11:27:11.917 | INFO     | llmcompressor.modifiers.quantization.gptq.base:compress_modules:260 - Quantizing model.layers.14.mlp.up_proj using 256 samples
2026-07-30 11:27:12.563 | METRIC   | llmcompressor.utils.metric_logging:compress:127 - time 0.65s
2026-07-30 11:27:12.565 | METRIC   | llmcompressor.utils.metric_logging:compress:129 - error 11729.96
2026-07-30 11:27:12.566 | METRIC   | llmcompressor.utils.metric_logging:compress:136 - GPU 0 | usage: 13.39% | total memory: 16 GB
2026-07-30 11:27:12.567 | METRIC   | llmcompressor.utils.metric_logging:compress:145 - Compressed module size: 6.365184 MB
2026-07-30 11:27:12.569 | INFO     | llmcompressor.modifiers.quantization.gptq.base:compress_modules:260 - Quantizing model.layers.14.mlp.down_proj using 256 samples
2026-07-30 11:27:14.620 | METRIC   | llmcompressor.utils.metric_logging:compress:127 - time 2.05s
2026-07-30 11:27:14.621 | METRIC   | llmcompressor.utils.metric_logging:compress:129 - error 3548.48
2026-07-30 11:27:14.623 | METRIC   | llmcompressor.utils.metric_logging:compress:136 - GPU 0 | usage: 13.39% | total memory: 16 GB
2026-07-30 11:27:14.624 | METRIC   | llmcompressor.utils.metric_logging:compress:145 - Compressed module size: 6.365184 MB
2026-07-30 11:27:14.625 | DEBUG    | llmcompressor.core.lifecycle:event:201 - Updated event with modifier: modifiers=[GPTQModifier(config_groups=None, targets=['Linear'], ignore=['lm_head'], scheme='W4A16', kv_cache_scheme=None, index=0, group='default', start=None, end=None, update=None, initialized_=True, finalized_=False, started_=True, ended_=False, sequential_update=True, sequential_targets=None, block_size=128, dampening_frac=0.01, actorder=None, offload_hessians=False)] index=0 group='GPTQModifier' applied=False
2026-07-30 11:27:28.784 | DEBUG    | llmcompressor.core.lifecycle:event:191 - Handling event: EventType.SEQUENTIAL_EPOCH_END
2026-07-30 11:27:28.784 | INFO     | llmcompressor.modifiers.quantization.gptq.base:compress_modules:260 - Quantizing model.layers.15.self_attn.q_proj using 256 samples
2026-07-30 11:27:29.457 | METRIC   | llmcompressor.utils.metric_logging:compress:127 - time 0.67s
2026-07-30 11:27:29.459 | METRIC   | llmcompressor.utils.metric_logging:compress:129 - error 42998.62
2026-07-30 11:27:29.460 | METRIC   | llmcompressor.utils.metric_logging:compress:136 - GPU 0 | usage: 13.39% | total memory: 16 GB
2026-07-30 11:27:29.461 | METRIC   | llmcompressor.utils.metric_logging:compress:145 - Compressed module size: 4.243456 MB
2026-07-30 11:27:29.463 | INFO     | llmcompressor.modifiers.quantization.gptq.base:compress_modules:260 - Quantizing model.layers.15.self_attn.k_proj using 256 samples
2026-07-30 11:27:30.107 | METRIC   | llmcompressor.utils.metric_logging:compress:127 - time 0.64s
2026-07-30 11:27:30.109 | METRIC   | llmcompressor.utils.metric_logging:compress:129 - error 13496.04
2026-07-30 11:27:30.110 | METRIC   | llmcompressor.utils.metric_logging:compress:136 - GPU 0 | usage: 13.39% | total memory: 16 GB
2026-07-30 11:27:30.111 | METRIC   | llmcompressor.utils.metric_logging:compress:145 - Compressed module size: 2.121728 MB
2026-07-30 11:27:30.113 | INFO     | llmcompressor.modifiers.quantization.gptq.base:compress_modules:260 - Quantizing model.layers.15.self_attn.v_proj using 256 samples
2026-07-30 11:27:30.729 | METRIC   | llmcompressor.utils.metric_logging:compress:127 - time 0.62s
2026-07-30 11:27:30.731 | METRIC   | llmcompressor.utils.metric_logging:compress:129 - error 17032.35
2026-07-30 11:27:30.732 | METRIC   | llmcompressor.utils.metric_logging:compress:136 - GPU 0 | usage: 13.39% | total memory: 16 GB
2026-07-30 11:27:30.734 | METRIC   | llmcompressor.utils.metric_logging:compress:145 - Compressed module size: 2.121728 MB
2026-07-30 11:27:30.735 | INFO     | llmcompressor.modifiers.quantization.gptq.base:compress_modules:260 - Quantizing model.layers.15.self_attn.o_proj using 256 samples
2026-07-30 11:27:31.972 | METRIC   | llmcompressor.utils.metric_logging:compress:127 - time 1.24s
2026-07-30 11:27:31.973 | METRIC   | llmcompressor.utils.metric_logging:compress:129 - error 127.55
2026-07-30 11:27:31.975 | METRIC   | llmcompressor.utils.metric_logging:compress:136 - GPU 0 | usage: 13.39% | total memory: 16 GB
2026-07-30 11:27:31.976 | METRIC   | llmcompressor.utils.metric_logging:compress:145 - Compressed module size: 4.243456 MB
2026-07-30 11:27:31.977 | INFO     | llmcompressor.modifiers.quantization.gptq.base:compress_modules:260 - Quantizing model.layers.15.mlp.gate_proj using 256 samples
2026-07-30 11:27:32.625 | METRIC   | llmcompressor.utils.metric_logging:compress:127 - time 0.65s
2026-07-30 11:27:32.627 | METRIC   | llmcompressor.utils.metric_logging:compress:129 - error 13799.13
2026-07-30 11:27:32.628 | METRIC   | llmcompressor.utils.metric_logging:compress:136 - GPU 0 | usage: 13.39% | total memory: 16 GB
2026-07-30 11:27:32.629 | METRIC   | llmcompressor.utils.metric_logging:compress:145 - Compressed module size: 6.365184 MB
2026-07-30 11:27:32.631 | INFO     | llmcompressor.modifiers.quantization.gptq.base:compress_modules:260 - Quantizing model.layers.15.mlp.up_proj using 256 samples
2026-07-30 11:27:33.366 | METRIC   | llmcompressor.utils.metric_logging:compress:127 - time 0.73s
2026-07-30 11:27:33.367 | METRIC   | llmcompressor.utils.metric_logging:compress:129 - error 11813.46
2026-07-30 11:27:33.369 | METRIC   | llmcompressor.utils.metric_logging:compress:136 - GPU 0 | usage: 13.39% | total memory: 16 GB
2026-07-30 11:27:33.370 | METRIC   | llmcompressor.utils.metric_logging:compress:145 - Compressed module size: 6.365184 MB
2026-07-30 11:27:33.371 | INFO     | llmcompressor.modifiers.quantization.gptq.base:compress_modules:260 - Quantizing model.layers.15.mlp.down_proj using 256 samples
2026-07-30 11:27:35.309 | METRIC   | llmcompressor.utils.metric_logging:compress:127 - time 1.94s
2026-07-30 11:27:35.310 | METRIC   | llmcompressor.utils.metric_logging:compress:129 - error 3650.42
2026-07-30 11:27:35.312 | METRIC   | llmcompressor.utils.metric_logging:compress:136 - GPU 0 | usage: 13.39% | total memory: 16 GB
2026-07-30 11:27:35.313 | METRIC   | llmcompressor.utils.metric_logging:compress:145 - Compressed module size: 6.365184 MB
2026-07-30 11:27:35.314 | DEBUG    | llmcompressor.core.lifecycle:event:201 - Updated event with modifier: modifiers=[GPTQModifier(config_groups=None, targets=['Linear'], ignore=['lm_head'], scheme='W4A16', kv_cache_scheme=None, index=0, group='default', start=None, end=None, update=None, initialized_=True, finalized_=False, started_=True, ended_=False, sequential_update=True, sequential_targets=None, block_size=128, dampening_frac=0.01, actorder=None, offload_hessians=False)] index=0 group='GPTQModifier' applied=False
2026-07-30 11:27:49.926 | DEBUG    | llmcompressor.core.lifecycle:event:191 - Handling event: EventType.SEQUENTIAL_EPOCH_END
2026-07-30 11:27:49.927 | INFO     | llmcompressor.modifiers.quantization.gptq.base:compress_modules:260 - Quantizing model.layers.16.self_attn.q_proj using 256 samples
2026-07-30 11:27:50.601 | METRIC   | llmcompressor.utils.metric_logging:compress:127 - time 0.67s
2026-07-30 11:27:50.602 | METRIC   | llmcompressor.utils.metric_logging:compress:129 - error 49453.41
2026-07-30 11:27:50.604 | METRIC   | llmcompressor.utils.metric_logging:compress:136 - GPU 0 | usage: 13.39% | total memory: 16 GB
2026-07-30 11:27:50.605 | METRIC   | llmcompressor.utils.metric_logging:compress:145 - Compressed module size: 4.243456 MB
2026-07-30 11:27:50.607 | INFO     | llmcompressor.modifiers.quantization.gptq.base:compress_modules:260 - Quantizing model.layers.16.self_attn.k_proj using 256 samples
2026-07-30 11:27:51.236 | METRIC   | llmcompressor.utils.metric_logging:compress:127 - time 0.63s
2026-07-30 11:27:51.238 | METRIC   | llmcompressor.utils.metric_logging:compress:129 - error 16961.59
2026-07-30 11:27:51.239 | METRIC   | llmcompressor.utils.metric_logging:compress:136 - GPU 0 | usage: 13.39% | total memory: 16 GB
2026-07-30 11:27:51.240 | METRIC   | llmcompressor.utils.metric_logging:compress:145 - Compressed module size: 2.121728 MB
2026-07-30 11:27:51.242 | INFO     | llmcompressor.modifiers.quantization.gptq.base:compress_modules:260 - Quantizing model.layers.16.self_attn.v_proj using 256 samples
2026-07-30 11:27:51.874 | METRIC   | llmcompressor.utils.metric_logging:compress:127 - time 0.63s
2026-07-30 11:27:51.875 | METRIC   | llmcompressor.utils.metric_logging:compress:129 - error 15891.07
2026-07-30 11:27:51.876 | METRIC   | llmcompressor.utils.metric_logging:compress:136 - GPU 0 | usage: 13.39% | total memory: 16 GB
2026-07-30 11:27:51.877 | METRIC   | llmcompressor.utils.metric_logging:compress:145 - Compressed module size: 2.121728 MB
2026-07-30 11:27:51.879 | INFO     | llmcompressor.modifiers.quantization.gptq.base:compress_modules:260 - Quantizing model.layers.16.self_attn.o_proj using 256 samples
2026-07-30 11:27:53.290 | METRIC   | llmcompressor.utils.metric_logging:compress:127 - time 1.41s
2026-07-30 11:27:53.291 | METRIC   | llmcompressor.utils.metric_logging:compress:129 - error 211.03
2026-07-30 11:27:53.292 | METRIC   | llmcompressor.utils.metric_logging:compress:136 - GPU 0 | usage: 13.39% | total memory: 16 GB
2026-07-30 11:27:53.293 | METRIC   | llmcompressor.utils.metric_logging:compress:145 - Compressed module size: 4.243456 MB
2026-07-30 11:27:53.295 | INFO     | llmcompressor.modifiers.quantization.gptq.base:compress_modules:260 - Quantizing model.layers.16.mlp.gate_proj using 256 samples
2026-07-30 11:27:53.980 | METRIC   | llmcompressor.utils.metric_logging:compress:127 - time 0.68s
2026-07-30 11:27:53.981 | METRIC   | llmcompressor.utils.metric_logging:compress:129 - error 13092.50
2026-07-30 11:27:53.983 | METRIC   | llmcompressor.utils.metric_logging:compress:136 - GPU 0 | usage: 13.39% | total memory: 16 GB
2026-07-30 11:27:53.983 | METRIC   | llmcompressor.utils.metric_logging:compress:145 - Compressed module size: 6.365184 MB
2026-07-30 11:27:53.985 | INFO     | llmcompressor.modifiers.quantization.gptq.base:compress_modules:260 - Quantizing model.layers.16.mlp.up_proj using 256 samples
2026-07-30 11:27:54.634 | METRIC   | llmcompressor.utils.metric_logging:compress:127 - time 0.65s
2026-07-30 11:27:54.636 | METRIC   | llmcompressor.utils.metric_logging:compress:129 - error 12061.93
2026-07-30 11:27:54.637 | METRIC   | llmcompressor.utils.metric_logging:compress:136 - GPU 0 | usage: 13.39% | total memory: 16 GB
2026-07-30 11:27:54.638 | METRIC   | llmcompressor.utils.metric_logging:compress:145 - Compressed module size: 6.365184 MB
2026-07-30 11:27:54.640 | INFO     | llmcompressor.modifiers.quantization.gptq.base:compress_modules:260 - Quantizing model.layers.16.mlp.down_proj using 256 samples
2026-07-30 11:27:56.559 | METRIC   | llmcompressor.utils.metric_logging:compress:127 - time 1.92s
2026-07-30 11:27:56.561 | METRIC   | llmcompressor.utils.metric_logging:compress:129 - error 4805.24
2026-07-30 11:27:56.562 | METRIC   | llmcompressor.utils.metric_logging:compress:136 - GPU 0 | usage: 13.39% | total memory: 16 GB
2026-07-30 11:27:56.563 | METRIC   | llmcompressor.utils.metric_logging:compress:145 - Compressed module size: 6.365184 MB
2026-07-30 11:27:56.565 | DEBUG    | llmcompressor.core.lifecycle:event:201 - Updated event with modifier: modifiers=[GPTQModifier(config_groups=None, targets=['Linear'], ignore=['lm_head'], scheme='W4A16', kv_cache_scheme=None, index=0, group='default', start=None, end=None, update=None, initialized_=True, finalized_=False, started_=True, ended_=False, sequential_update=True, sequential_targets=None, block_size=128, dampening_frac=0.01, actorder=None, offload_hessians=False)] index=0 group='GPTQModifier' applied=False
2026-07-30 11:28:10.832 | DEBUG    | llmcompressor.core.lifecycle:event:191 - Handling event: EventType.SEQUENTIAL_EPOCH_END
2026-07-30 11:28:10.833 | INFO     | llmcompressor.modifiers.quantization.gptq.base:compress_modules:260 - Quantizing model.layers.17.self_attn.q_proj using 256 samples
2026-07-30 11:28:11.536 | METRIC   | llmcompressor.utils.metric_logging:compress:127 - time 0.70s
2026-07-30 11:28:11.538 | METRIC   | llmcompressor.utils.metric_logging:compress:129 - error 109890.33
2026-07-30 11:28:11.539 | METRIC   | llmcompressor.utils.metric_logging:compress:136 - GPU 0 | usage: 13.39% | total memory: 16 GB
2026-07-30 11:28:11.540 | METRIC   | llmcompressor.utils.metric_logging:compress:145 - Compressed module size: 4.243456 MB
2026-07-30 11:28:11.542 | INFO     | llmcompressor.modifiers.quantization.gptq.base:compress_modules:260 - Quantizing model.layers.17.self_attn.k_proj using 256 samples
2026-07-30 11:28:12.192 | METRIC   | llmcompressor.utils.metric_logging:compress:127 - time 0.65s
2026-07-30 11:28:12.194 | METRIC   | llmcompressor.utils.metric_logging:compress:129 - error 35865.07
2026-07-30 11:28:12.195 | METRIC   | llmcompressor.utils.metric_logging:compress:136 - GPU 0 | usage: 13.39% | total memory: 16 GB
2026-07-30 11:28:12.197 | METRIC   | llmcompressor.utils.metric_logging:compress:145 - Compressed module size: 2.121728 MB
2026-07-30 11:28:12.199 | INFO     | llmcompressor.modifiers.quantization.gptq.base:compress_modules:260 - Quantizing model.layers.17.self_attn.v_proj using 256 samples
2026-07-30 11:28:12.994 | METRIC   | llmcompressor.utils.metric_logging:compress:127 - time 0.79s
2026-07-30 11:28:12.995 | METRIC   | llmcompressor.utils.metric_logging:compress:129 - error 41780.68
2026-07-30 11:28:12.996 | METRIC   | llmcompressor.utils.metric_logging:compress:136 - GPU 0 | usage: 13.39% | total memory: 16 GB
2026-07-30 11:28:12.998 | METRIC   | llmcompressor.utils.metric_logging:compress:145 - Compressed module size: 2.121728 MB
2026-07-30 11:28:12.999 | INFO     | llmcompressor.modifiers.quantization.gptq.base:compress_modules:260 - Quantizing model.layers.17.self_attn.o_proj using 256 samples
2026-07-30 11:28:14.306 | METRIC   | llmcompressor.utils.metric_logging:compress:127 - time 1.31s
2026-07-30 11:28:14.307 | METRIC   | llmcompressor.utils.metric_logging:compress:129 - error 357.65
2026-07-30 11:28:14.308 | METRIC   | llmcompressor.utils.metric_logging:compress:136 - GPU 0 | usage: 13.39% | total memory: 16 GB
2026-07-30 11:28:14.309 | METRIC   | llmcompressor.utils.metric_logging:compress:145 - Compressed module size: 4.243456 MB
2026-07-30 11:28:14.311 | INFO     | llmcompressor.modifiers.quantization.gptq.base:compress_modules:260 - Quantizing model.layers.17.mlp.gate_proj using 256 samples
2026-07-30 11:28:15.042 | METRIC   | llmcompressor.utils.metric_logging:compress:127 - time 0.73s
2026-07-30 11:28:15.043 | METRIC   | llmcompressor.utils.metric_logging:compress:129 - error 18649.09
2026-07-30 11:28:15.044 | METRIC   | llmcompressor.utils.metric_logging:compress:136 - GPU 0 | usage: 13.39% | total memory: 16 GB
2026-07-30 11:28:15.045 | METRIC   | llmcompressor.utils.metric_logging:compress:145 - Compressed module size: 6.365184 MB
2026-07-30 11:28:15.047 | INFO     | llmcompressor.modifiers.quantization.gptq.base:compress_modules:260 - Quantizing model.layers.17.mlp.up_proj using 256 samples
2026-07-30 11:28:15.699 | METRIC   | llmcompressor.utils.metric_logging:compress:127 - time 0.65s
2026-07-30 11:28:15.700 | METRIC   | llmcompressor.utils.metric_logging:compress:129 - error 17509.38
2026-07-30 11:28:15.701 | METRIC   | llmcompressor.utils.metric_logging:compress:136 - GPU 0 | usage: 13.39% | total memory: 16 GB
2026-07-30 11:28:15.702 | METRIC   | llmcompressor.utils.metric_logging:compress:145 - Compressed module size: 6.365184 MB
2026-07-30 11:28:15.704 | INFO     | llmcompressor.modifiers.quantization.gptq.base:compress_modules:260 - Quantizing model.layers.17.mlp.down_proj using 256 samples
2026-07-30 11:28:17.601 | METRIC   | llmcompressor.utils.metric_logging:compress:127 - time 1.90s
2026-07-30 11:28:17.603 | METRIC   | llmcompressor.utils.metric_logging:compress:129 - error 5535.12
2026-07-30 11:28:17.604 | METRIC   | llmcompressor.utils.metric_logging:compress:136 - GPU 0 | usage: 13.39% | total memory: 16 GB
2026-07-30 11:28:17.605 | METRIC   | llmcompressor.utils.metric_logging:compress:145 - Compressed module size: 6.365184 MB
2026-07-30 11:28:17.606 | DEBUG    | llmcompressor.core.lifecycle:event:201 - Updated event with modifier: modifiers=[GPTQModifier(config_groups=None, targets=['Linear'], ignore=['lm_head'], scheme='W4A16', kv_cache_scheme=None, index=0, group='default', start=None, end=None, update=None, initialized_=True, finalized_=False, started_=True, ended_=False, sequential_update=True, sequential_targets=None, block_size=128, dampening_frac=0.01, actorder=None, offload_hessians=False)] index=0 group='GPTQModifier' applied=False
2026-07-30 11:28:31.746 | DEBUG    | llmcompressor.core.lifecycle:event:191 - Handling event: EventType.SEQUENTIAL_EPOCH_END
2026-07-30 11:28:31.747 | INFO     | llmcompressor.modifiers.quantization.gptq.base:compress_modules:260 - Quantizing model.layers.18.self_attn.q_proj using 256 samples
2026-07-30 11:28:32.429 | METRIC   | llmcompressor.utils.metric_logging:compress:127 - time 0.68s
2026-07-30 11:28:32.430 | METRIC   | llmcompressor.utils.metric_logging:compress:129 - error 98221.24
2026-07-30 11:28:32.432 | METRIC   | llmcompressor.utils.metric_logging:compress:136 - GPU 0 | usage: 13.39% | total memory: 16 GB
2026-07-30 11:28:32.433 | METRIC   | llmcompressor.utils.metric_logging:compress:145 - Compressed module size: 4.243456 MB
2026-07-30 11:28:32.434 | INFO     | llmcompressor.modifiers.quantization.gptq.base:compress_modules:260 - Quantizing model.layers.18.self_attn.k_proj using 256 samples
2026-07-30 11:28:33.136 | METRIC   | llmcompressor.utils.metric_logging:compress:127 - time 0.70s
2026-07-30 11:28:33.138 | METRIC   | llmcompressor.utils.metric_logging:compress:129 - error 30922.96
2026-07-30 11:28:33.139 | METRIC   | llmcompressor.utils.metric_logging:compress:136 - GPU 0 | usage: 13.39% | total memory: 16 GB
2026-07-30 11:28:33.140 | METRIC   | llmcompressor.utils.metric_logging:compress:145 - Compressed module size: 2.121728 MB
2026-07-30 11:28:33.142 | INFO     | llmcompressor.modifiers.quantization.gptq.base:compress_modules:260 - Quantizing model.layers.18.self_attn.v_proj using 256 samples
2026-07-30 11:28:33.791 | METRIC   | llmcompressor.utils.metric_logging:compress:127 - time 0.65s
2026-07-30 11:28:33.792 | METRIC   | llmcompressor.utils.metric_logging:compress:129 - error 35498.18
2026-07-30 11:28:33.793 | METRIC   | llmcompressor.utils.metric_logging:compress:136 - GPU 0 | usage: 13.39% | total memory: 16 GB
2026-07-30 11:28:33.794 | METRIC   | llmcompressor.utils.metric_logging:compress:145 - Compressed module size: 2.121728 MB
2026-07-30 11:28:33.796 | INFO     | llmcompressor.modifiers.quantization.gptq.base:compress_modules:260 - Quantizing model.layers.18.self_attn.o_proj using 256 samples
2026-07-30 11:28:35.092 | METRIC   | llmcompressor.utils.metric_logging:compress:127 - time 1.30s
2026-07-30 11:28:35.094 | METRIC   | llmcompressor.utils.metric_logging:compress:129 - error 241.50
2026-07-30 11:28:35.095 | METRIC   | llmcompressor.utils.metric_logging:compress:136 - GPU 0 | usage: 13.39% | total memory: 16 GB
2026-07-30 11:28:35.096 | METRIC   | llmcompressor.utils.metric_logging:compress:145 - Compressed module size: 4.243456 MB
2026-07-30 11:28:35.097 | INFO     | llmcompressor.modifiers.quantization.gptq.base:compress_modules:260 - Quantizing model.layers.18.mlp.gate_proj using 256 samples
2026-07-30 11:28:35.741 | METRIC   | llmcompressor.utils.metric_logging:compress:127 - time 0.64s
2026-07-30 11:28:35.742 | METRIC   | llmcompressor.utils.metric_logging:compress:129 - error 21559.65
2026-07-30 11:28:35.743 | METRIC   | llmcompressor.utils.metric_logging:compress:136 - GPU 0 | usage: 13.39% | total memory: 16 GB
2026-07-30 11:28:35.744 | METRIC   | llmcompressor.utils.metric_logging:compress:145 - Compressed module size: 6.365184 MB
2026-07-30 11:28:35.746 | INFO     | llmcompressor.modifiers.quantization.gptq.base:compress_modules:260 - Quantizing model.layers.18.mlp.up_proj using 256 samples
2026-07-30 11:28:36.389 | METRIC   | llmcompressor.utils.metric_logging:compress:127 - time 0.64s
2026-07-30 11:28:36.391 | METRIC   | llmcompressor.utils.metric_logging:compress:129 - error 20551.67
2026-07-30 11:28:36.392 | METRIC   | llmcompressor.utils.metric_logging:compress:136 - GPU 0 | usage: 13.39% | total memory: 16 GB
2026-07-30 11:28:36.393 | METRIC   | llmcompressor.utils.metric_logging:compress:145 - Compressed module size: 6.365184 MB
2026-07-30 11:28:36.394 | INFO     | llmcompressor.modifiers.quantization.gptq.base:compress_modules:260 - Quantizing model.layers.18.mlp.down_proj using 256 samples
2026-07-30 11:28:38.606 | METRIC   | llmcompressor.utils.metric_logging:compress:127 - time 2.21s
2026-07-30 11:28:38.607 | METRIC   | llmcompressor.utils.metric_logging:compress:129 - error 7962.73
2026-07-30 11:28:38.609 | METRIC   | llmcompressor.utils.metric_logging:compress:136 - GPU 0 | usage: 13.39% | total memory: 16 GB
2026-07-30 11:28:38.610 | METRIC   | llmcompressor.utils.metric_logging:compress:145 - Compressed module size: 6.365184 MB
2026-07-30 11:28:38.612 | DEBUG    | llmcompressor.core.lifecycle:event:201 - Updated event with modifier: modifiers=[GPTQModifier(config_groups=None, targets=['Linear'], ignore=['lm_head'], scheme='W4A16', kv_cache_scheme=None, index=0, group='default', start=None, end=None, update=None, initialized_=True, finalized_=False, started_=True, ended_=False, sequential_update=True, sequential_targets=None, block_size=128, dampening_frac=0.01, actorder=None, offload_hessians=False)] index=0 group='GPTQModifier' applied=False
2026-07-30 11:28:52.899 | DEBUG    | llmcompressor.core.lifecycle:event:191 - Handling event: EventType.SEQUENTIAL_EPOCH_END
2026-07-30 11:28:52.899 | INFO     | llmcompressor.modifiers.quantization.gptq.base:compress_modules:260 - Quantizing model.layers.19.self_attn.q_proj using 256 samples
2026-07-30 11:28:53.549 | METRIC   | llmcompressor.utils.metric_logging:compress:127 - time 0.65s
2026-07-30 11:28:53.550 | METRIC   | llmcompressor.utils.metric_logging:compress:129 - error 164383.06
2026-07-30 11:28:53.552 | METRIC   | llmcompressor.utils.metric_logging:compress:136 - GPU 0 | usage: 13.39% | total memory: 16 GB
2026-07-30 11:28:53.553 | METRIC   | llmcompressor.utils.metric_logging:compress:145 - Compressed module size: 4.243456 MB
2026-07-30 11:28:53.555 | INFO     | llmcompressor.modifiers.quantization.gptq.base:compress_modules:260 - Quantizing model.layers.19.self_attn.k_proj using 256 samples
2026-07-30 11:28:54.160 | METRIC   | llmcompressor.utils.metric_logging:compress:127 - time 0.60s
2026-07-30 11:28:54.162 | METRIC   | llmcompressor.utils.metric_logging:compress:129 - error 48628.71
2026-07-30 11:28:54.163 | METRIC   | llmcompressor.utils.metric_logging:compress:136 - GPU 0 | usage: 13.39% | total memory: 16 GB
2026-07-30 11:28:54.164 | METRIC   | llmcompressor.utils.metric_logging:compress:145 - Compressed module size: 2.121728 MB
2026-07-30 11:28:54.165 | INFO     | llmcompressor.modifiers.quantization.gptq.base:compress_modules:260 - Quantizing model.layers.19.self_attn.v_proj using 256 samples
2026-07-30 11:28:54.799 | METRIC   | llmcompressor.utils.metric_logging:compress:127 - time 0.63s
2026-07-30 11:28:54.800 | METRIC   | llmcompressor.utils.metric_logging:compress:129 - error 57801.93
2026-07-30 11:28:54.801 | METRIC   | llmcompressor.utils.metric_logging:compress:136 - GPU 0 | usage: 13.39% | total memory: 16 GB
2026-07-30 11:28:54.803 | METRIC   | llmcompressor.utils.metric_logging:compress:145 - Compressed module size: 2.121728 MB
2026-07-30 11:28:54.804 | INFO     | llmcompressor.modifiers.quantization.gptq.base:compress_modules:260 - Quantizing model.layers.19.self_attn.o_proj using 256 samples
2026-07-30 11:28:56.046 | METRIC   | llmcompressor.utils.metric_logging:compress:127 - time 1.24s
2026-07-30 11:28:56.048 | METRIC   | llmcompressor.utils.metric_logging:compress:129 - error 392.12
2026-07-30 11:28:56.049 | METRIC   | llmcompressor.utils.metric_logging:compress:136 - GPU 0 | usage: 13.39% | total memory: 16 GB
2026-07-30 11:28:56.050 | METRIC   | llmcompressor.utils.metric_logging:compress:145 - Compressed module size: 4.243456 MB
2026-07-30 11:28:56.051 | INFO     | llmcompressor.modifiers.quantization.gptq.base:compress_modules:260 - Quantizing model.layers.19.mlp.gate_proj using 256 samples
2026-07-30 11:28:56.681 | METRIC   | llmcompressor.utils.metric_logging:compress:127 - time 0.63s
2026-07-30 11:28:56.682 | METRIC   | llmcompressor.utils.metric_logging:compress:129 - error 22121.84
2026-07-30 11:28:56.683 | METRIC   | llmcompressor.utils.metric_logging:compress:136 - GPU 0 | usage: 13.39% | total memory: 16 GB
2026-07-30 11:28:56.684 | METRIC   | llmcompressor.utils.metric_logging:compress:145 - Compressed module size: 6.365184 MB
2026-07-30 11:28:56.686 | INFO     | llmcompressor.modifiers.quantization.gptq.base:compress_modules:260 - Quantizing model.layers.19.mlp.up_proj using 256 samples
2026-07-30 11:28:57.343 | METRIC   | llmcompressor.utils.metric_logging:compress:127 - time 0.66s
2026-07-30 11:28:57.344 | METRIC   | llmcompressor.utils.metric_logging:compress:129 - error 24184.47
2026-07-30 11:28:57.346 | METRIC   | llmcompressor.utils.metric_logging:compress:136 - GPU 0 | usage: 13.39% | total memory: 16 GB
2026-07-30 11:28:57.347 | METRIC   | llmcompressor.utils.metric_logging:compress:145 - Compressed module size: 6.365184 MB
2026-07-30 11:28:57.348 | INFO     | llmcompressor.modifiers.quantization.gptq.base:compress_modules:260 - Quantizing model.layers.19.mlp.down_proj using 256 samples
2026-07-30 11:28:59.378 | METRIC   | llmcompressor.utils.metric_logging:compress:127 - time 2.03s
2026-07-30 11:28:59.379 | METRIC   | llmcompressor.utils.metric_logging:compress:129 - error 13866.37
2026-07-30 11:28:59.380 | METRIC   | llmcompressor.utils.metric_logging:compress:136 - GPU 0 | usage: 13.39% | total memory: 16 GB
2026-07-30 11:28:59.381 | METRIC   | llmcompressor.utils.metric_logging:compress:145 - Compressed module size: 6.365184 MB
2026-07-30 11:28:59.382 | DEBUG    | llmcompressor.core.lifecycle:event:201 - Updated event with modifier: modifiers=[GPTQModifier(config_groups=None, targets=['Linear'], ignore=['lm_head'], scheme='W4A16', kv_cache_scheme=None, index=0, group='default', start=None, end=None, update=None, initialized_=True, finalized_=False, started_=True, ended_=False, sequential_update=True, sequential_targets=None, block_size=128, dampening_frac=0.01, actorder=None, offload_hessians=False)] index=0 group='GPTQModifier' applied=False
2026-07-30 11:29:13.688 | DEBUG    | llmcompressor.core.lifecycle:event:191 - Handling event: EventType.SEQUENTIAL_EPOCH_END
2026-07-30 11:29:13.689 | INFO     | llmcompressor.modifiers.quantization.gptq.base:compress_modules:260 - Quantizing model.layers.20.self_attn.q_proj using 256 samples
2026-07-30 11:29:14.381 | METRIC   | llmcompressor.utils.metric_logging:compress:127 - time 0.69s
2026-07-30 11:29:14.383 | METRIC   | llmcompressor.utils.metric_logging:compress:129 - error 199640.66
2026-07-30 11:29:14.384 | METRIC   | llmcompressor.utils.metric_logging:compress:136 - GPU 0 | usage: 13.39% | total memory: 16 GB
2026-07-30 11:29:14.385 | METRIC   | llmcompressor.utils.metric_logging:compress:145 - Compressed module size: 4.243456 MB
2026-07-30 11:29:14.387 | INFO     | llmcompressor.modifiers.quantization.gptq.base:compress_modules:260 - Quantizing model.layers.20.self_attn.k_proj using 256 samples
2026-07-30 11:29:15.000 | METRIC   | llmcompressor.utils.metric_logging:compress:127 - time 0.61s
2026-07-30 11:29:15.001 | METRIC   | llmcompressor.utils.metric_logging:compress:129 - error 66835.73
2026-07-30 11:29:15.003 | METRIC   | llmcompressor.utils.metric_logging:compress:136 - GPU 0 | usage: 13.39% | total memory: 16 GB
2026-07-30 11:29:15.004 | METRIC   | llmcompressor.utils.metric_logging:compress:145 - Compressed module size: 2.121728 MB
2026-07-30 11:29:15.006 | INFO     | llmcompressor.modifiers.quantization.gptq.base:compress_modules:260 - Quantizing model.layers.20.self_attn.v_proj using 256 samples
2026-07-30 11:29:15.606 | METRIC   | llmcompressor.utils.metric_logging:compress:127 - time 0.60s
2026-07-30 11:29:15.607 | METRIC   | llmcompressor.utils.metric_logging:compress:129 - error 74149.53
2026-07-30 11:29:15.609 | METRIC   | llmcompressor.utils.metric_logging:compress:136 - GPU 0 | usage: 13.39% | total memory: 16 GB
2026-07-30 11:29:15.610 | METRIC   | llmcompressor.utils.metric_logging:compress:145 - Compressed module size: 2.121728 MB
2026-07-30 11:29:15.611 | INFO     | llmcompressor.modifiers.quantization.gptq.base:compress_modules:260 - Quantizing model.layers.20.self_attn.o_proj using 256 samples
2026-07-30 11:29:16.886 | METRIC   | llmcompressor.utils.metric_logging:compress:127 - time 1.27s
2026-07-30 11:29:16.887 | METRIC   | llmcompressor.utils.metric_logging:compress:129 - error 799.33
2026-07-30 11:29:16.888 | METRIC   | llmcompressor.utils.metric_logging:compress:136 - GPU 0 | usage: 13.39% | total memory: 16 GB
2026-07-30 11:29:16.889 | METRIC   | llmcompressor.utils.metric_logging:compress:145 - Compressed module size: 4.243456 MB
2026-07-30 11:29:16.891 | INFO     | llmcompressor.modifiers.quantization.gptq.base:compress_modules:260 - Quantizing model.layers.20.mlp.gate_proj using 256 samples
2026-07-30 11:29:17.525 | METRIC   | llmcompressor.utils.metric_logging:compress:127 - time 0.63s
2026-07-30 11:29:17.526 | METRIC   | llmcompressor.utils.metric_logging:compress:129 - error 23024.51
2026-07-30 11:29:17.527 | METRIC   | llmcompressor.utils.metric_logging:compress:136 - GPU 0 | usage: 13.39% | total memory: 16 GB
2026-07-30 11:29:17.528 | METRIC   | llmcompressor.utils.metric_logging:compress:145 - Compressed module size: 6.365184 MB
2026-07-30 11:29:17.529 | INFO     | llmcompressor.modifiers.quantization.gptq.base:compress_modules:260 - Quantizing model.layers.20.mlp.up_proj using 256 samples
2026-07-30 11:29:18.266 | METRIC   | llmcompressor.utils.metric_logging:compress:127 - time 0.74s
2026-07-30 11:29:18.268 | METRIC   | llmcompressor.utils.metric_logging:compress:129 - error 26443.23
2026-07-30 11:29:18.269 | METRIC   | llmcompressor.utils.metric_logging:compress:136 - GPU 0 | usage: 13.39% | total memory: 16 GB
2026-07-30 11:29:18.270 | METRIC   | llmcompressor.utils.metric_logging:compress:145 - Compressed module size: 6.365184 MB
2026-07-30 11:29:18.272 | INFO     | llmcompressor.modifiers.quantization.gptq.base:compress_modules:260 - Quantizing model.layers.20.mlp.down_proj using 256 samples
2026-07-30 11:29:20.212 | METRIC   | llmcompressor.utils.metric_logging:compress:127 - time 1.94s
2026-07-30 11:29:20.214 | METRIC   | llmcompressor.utils.metric_logging:compress:129 - error 13402.38
2026-07-30 11:29:20.215 | METRIC   | llmcompressor.utils.metric_logging:compress:136 - GPU 0 | usage: 13.39% | total memory: 16 GB
2026-07-30 11:29:20.216 | METRIC   | llmcompressor.utils.metric_logging:compress:145 - Compressed module size: 6.365184 MB
2026-07-30 11:29:20.217 | DEBUG    | llmcompressor.core.lifecycle:event:201 - Updated event with modifier: modifiers=[GPTQModifier(config_groups=None, targets=['Linear'], ignore=['lm_head'], scheme='W4A16', kv_cache_scheme=None, index=0, group='default', start=None, end=None, update=None, initialized_=True, finalized_=False, started_=True, ended_=False, sequential_update=True, sequential_targets=None, block_size=128, dampening_frac=0.01, actorder=None, offload_hessians=False)] index=0 group='GPTQModifier' applied=False
2026-07-30 11:29:34.458 | DEBUG    | llmcompressor.core.lifecycle:event:191 - Handling event: EventType.SEQUENTIAL_EPOCH_END
2026-07-30 11:29:34.459 | INFO     | llmcompressor.modifiers.quantization.gptq.base:compress_modules:260 - Quantizing model.layers.21.self_attn.q_proj using 256 samples
2026-07-30 11:29:35.077 | METRIC   | llmcompressor.utils.metric_logging:compress:127 - time 0.62s
2026-07-30 11:29:35.078 | METRIC   | llmcompressor.utils.metric_logging:compress:129 - error 328995.19
2026-07-30 11:29:35.080 | METRIC   | llmcompressor.utils.metric_logging:compress:136 - GPU 0 | usage: 13.39% | total memory: 16 GB
2026-07-30 11:29:35.081 | METRIC   | llmcompressor.utils.metric_logging:compress:145 - Compressed module size: 4.243456 MB
2026-07-30 11:29:35.082 | INFO     | llmcompressor.modifiers.quantization.gptq.base:compress_modules:260 - Quantizing model.layers.21.self_attn.k_proj using 256 samples
2026-07-30 11:29:35.679 | METRIC   | llmcompressor.utils.metric_logging:compress:127 - time 0.60s
2026-07-30 11:29:35.680 | METRIC   | llmcompressor.utils.metric_logging:compress:129 - error 107035.20
2026-07-30 11:29:35.682 | METRIC   | llmcompressor.utils.metric_logging:compress:136 - GPU 0 | usage: 13.39% | total memory: 16 GB
2026-07-30 11:29:35.682 | METRIC   | llmcompressor.utils.metric_logging:compress:145 - Compressed module size: 2.121728 MB
2026-07-30 11:29:35.684 | INFO     | llmcompressor.modifiers.quantization.gptq.base:compress_modules:260 - Quantizing model.layers.21.self_attn.v_proj using 256 samples
2026-07-30 11:29:36.281 | METRIC   | llmcompressor.utils.metric_logging:compress:127 - time 0.60s
2026-07-30 11:29:36.282 | METRIC   | llmcompressor.utils.metric_logging:compress:129 - error 125832.48
2026-07-30 11:29:36.284 | METRIC   | llmcompressor.utils.metric_logging:compress:136 - GPU 0 | usage: 13.39% | total memory: 16 GB
2026-07-30 11:29:36.285 | METRIC   | llmcompressor.utils.metric_logging:compress:145 - Compressed module size: 2.121728 MB
2026-07-30 11:29:36.286 | INFO     | llmcompressor.modifiers.quantization.gptq.base:compress_modules:260 - Quantizing model.layers.21.self_attn.o_proj using 256 samples
2026-07-30 11:29:37.756 | METRIC   | llmcompressor.utils.metric_logging:compress:127 - time 1.47s
2026-07-30 11:29:37.758 | METRIC   | llmcompressor.utils.metric_logging:compress:129 - error 2045.31
2026-07-30 11:29:37.759 | METRIC   | llmcompressor.utils.metric_logging:compress:136 - GPU 0 | usage: 13.39% | total memory: 16 GB
2026-07-30 11:29:37.760 | METRIC   | llmcompressor.utils.metric_logging:compress:145 - Compressed module size: 4.243456 MB
2026-07-30 11:29:37.762 | INFO     | llmcompressor.modifiers.quantization.gptq.base:compress_modules:260 - Quantizing model.layers.21.mlp.gate_proj using 256 samples
2026-07-30 11:29:38.591 | METRIC   | llmcompressor.utils.metric_logging:compress:127 - time 0.83s
2026-07-30 11:29:38.593 | METRIC   | llmcompressor.utils.metric_logging:compress:129 - error 24614.13
2026-07-30 11:29:38.594 | METRIC   | llmcompressor.utils.metric_logging:compress:136 - GPU 0 | usage: 13.39% | total memory: 16 GB
2026-07-30 11:29:38.595 | METRIC   | llmcompressor.utils.metric_logging:compress:145 - Compressed module size: 6.365184 MB
2026-07-30 11:29:38.596 | INFO     | llmcompressor.modifiers.quantization.gptq.base:compress_modules:260 - Quantizing model.layers.21.mlp.up_proj using 256 samples
2026-07-30 11:29:39.239 | METRIC   | llmcompressor.utils.metric_logging:compress:127 - time 0.64s
2026-07-30 11:29:39.241 | METRIC   | llmcompressor.utils.metric_logging:compress:129 - error 31416.80
2026-07-30 11:29:39.242 | METRIC   | llmcompressor.utils.metric_logging:compress:136 - GPU 0 | usage: 13.39% | total memory: 16 GB
2026-07-30 11:29:39.243 | METRIC   | llmcompressor.utils.metric_logging:compress:145 - Compressed module size: 6.365184 MB
2026-07-30 11:29:39.245 | INFO     | llmcompressor.modifiers.quantization.gptq.base:compress_modules:260 - Quantizing model.layers.21.mlp.down_proj using 256 samples
2026-07-30 11:29:41.176 | METRIC   | llmcompressor.utils.metric_logging:compress:127 - time 1.93s
2026-07-30 11:29:41.177 | METRIC   | llmcompressor.utils.metric_logging:compress:129 - error 15976.69
2026-07-30 11:29:41.179 | METRIC   | llmcompressor.utils.metric_logging:compress:136 - GPU 0 | usage: 13.39% | total memory: 16 GB
2026-07-30 11:29:41.180 | METRIC   | llmcompressor.utils.metric_logging:compress:145 - Compressed module size: 6.365184 MB
2026-07-30 11:29:41.181 | DEBUG    | llmcompressor.core.lifecycle:event:201 - Updated event with modifier: modifiers=[GPTQModifier(config_groups=None, targets=['Linear'], ignore=['lm_head'], scheme='W4A16', kv_cache_scheme=None, index=0, group='default', start=None, end=None, update=None, initialized_=True, finalized_=False, started_=True, ended_=False, sequential_update=True, sequential_targets=None, block_size=128, dampening_frac=0.01, actorder=None, offload_hessians=False)] index=0 group='GPTQModifier' applied=False
2026-07-30 11:29:55.246 | DEBUG    | llmcompressor.core.lifecycle:event:191 - Handling event: EventType.SEQUENTIAL_EPOCH_END
2026-07-30 11:29:55.246 | INFO     | llmcompressor.modifiers.quantization.gptq.base:compress_modules:260 - Quantizing model.layers.22.self_attn.q_proj using 256 samples
2026-07-30 11:29:55.880 | METRIC   | llmcompressor.utils.metric_logging:compress:127 - time 0.63s
2026-07-30 11:29:55.881 | METRIC   | llmcompressor.utils.metric_logging:compress:129 - error 325302.97
2026-07-30 11:29:55.883 | METRIC   | llmcompressor.utils.metric_logging:compress:136 - GPU 0 | usage: 13.39% | total memory: 16 GB
2026-07-30 11:29:55.884 | METRIC   | llmcompressor.utils.metric_logging:compress:145 - Compressed module size: 4.243456 MB
2026-07-30 11:29:55.885 | INFO     | llmcompressor.modifiers.quantization.gptq.base:compress_modules:260 - Quantizing model.layers.22.self_attn.k_proj using 256 samples
2026-07-30 11:29:56.474 | METRIC   | llmcompressor.utils.metric_logging:compress:127 - time 0.59s
2026-07-30 11:29:56.475 | METRIC   | llmcompressor.utils.metric_logging:compress:129 - error 116210.57
2026-07-30 11:29:56.476 | METRIC   | llmcompressor.utils.metric_logging:compress:136 - GPU 0 | usage: 13.39% | total memory: 16 GB
2026-07-30 11:29:56.477 | METRIC   | llmcompressor.utils.metric_logging:compress:145 - Compressed module size: 2.121728 MB
2026-07-30 11:29:56.478 | INFO     | llmcompressor.modifiers.quantization.gptq.base:compress_modules:260 - Quantizing model.layers.22.self_attn.v_proj using 256 samples
2026-07-30 11:29:57.096 | METRIC   | llmcompressor.utils.metric_logging:compress:127 - time 0.62s
2026-07-30 11:29:57.097 | METRIC   | llmcompressor.utils.metric_logging:compress:129 - error 145381.64
2026-07-30 11:29:57.098 | METRIC   | llmcompressor.utils.metric_logging:compress:136 - GPU 0 | usage: 13.39% | total memory: 16 GB
2026-07-30 11:29:57.099 | METRIC   | llmcompressor.utils.metric_logging:compress:145 - Compressed module size: 2.121728 MB
2026-07-30 11:29:57.100 | INFO     | llmcompressor.modifiers.quantization.gptq.base:compress_modules:260 - Quantizing model.layers.22.self_attn.o_proj using 256 samples
2026-07-30 11:29:58.397 | METRIC   | llmcompressor.utils.metric_logging:compress:127 - time 1.30s
2026-07-30 11:29:58.398 | METRIC   | llmcompressor.utils.metric_logging:compress:129 - error 1123.51
2026-07-30 11:29:58.400 | METRIC   | llmcompressor.utils.metric_logging:compress:136 - GPU 0 | usage: 13.39% | total memory: 16 GB
2026-07-30 11:29:58.400 | METRIC   | llmcompressor.utils.metric_logging:compress:145 - Compressed module size: 4.243456 MB
2026-07-30 11:29:58.402 | INFO     | llmcompressor.modifiers.quantization.gptq.base:compress_modules:260 - Quantizing model.layers.22.mlp.gate_proj using 256 samples
2026-07-30 11:29:59.044 | METRIC   | llmcompressor.utils.metric_logging:compress:127 - time 0.64s
2026-07-30 11:29:59.045 | METRIC   | llmcompressor.utils.metric_logging:compress:129 - error 24793.22
2026-07-30 11:29:59.046 | METRIC   | llmcompressor.utils.metric_logging:compress:136 - GPU 0 | usage: 13.39% | total memory: 16 GB
2026-07-30 11:29:59.047 | METRIC   | llmcompressor.utils.metric_logging:compress:145 - Compressed module size: 6.365184 MB
2026-07-30 11:29:59.049 | INFO     | llmcompressor.modifiers.quantization.gptq.base:compress_modules:260 - Quantizing model.layers.22.mlp.up_proj using 256 samples
2026-07-30 11:29:59.660 | METRIC   | llmcompressor.utils.metric_logging:compress:127 - time 0.61s
2026-07-30 11:29:59.661 | METRIC   | llmcompressor.utils.metric_logging:compress:129 - error 32356.20
2026-07-30 11:29:59.662 | METRIC   | llmcompressor.utils.metric_logging:compress:136 - GPU 0 | usage: 13.39% | total memory: 16 GB
2026-07-30 11:29:59.663 | METRIC   | llmcompressor.utils.metric_logging:compress:145 - Compressed module size: 6.365184 MB
2026-07-30 11:29:59.664 | INFO     | llmcompressor.modifiers.quantization.gptq.base:compress_modules:260 - Quantizing model.layers.22.mlp.down_proj using 256 samples
2026-07-30 11:30:01.557 | METRIC   | llmcompressor.utils.metric_logging:compress:127 - time 1.89s
2026-07-30 11:30:01.558 | METRIC   | llmcompressor.utils.metric_logging:compress:129 - error 14785.75
2026-07-30 11:30:01.559 | METRIC   | llmcompressor.utils.metric_logging:compress:136 - GPU 0 | usage: 13.39% | total memory: 16 GB
2026-07-30 11:30:01.560 | METRIC   | llmcompressor.utils.metric_logging:compress:145 - Compressed module size: 6.365184 MB
2026-07-30 11:30:01.562 | DEBUG    | llmcompressor.core.lifecycle:event:201 - Updated event with modifier: modifiers=[GPTQModifier(config_groups=None, targets=['Linear'], ignore=['lm_head'], scheme='W4A16', kv_cache_scheme=None, index=0, group='default', start=None, end=None, update=None, initialized_=True, finalized_=False, started_=True, ended_=False, sequential_update=True, sequential_targets=None, block_size=128, dampening_frac=0.01, actorder=None, offload_hessians=False)] index=0 group='GPTQModifier' applied=False
2026-07-30 11:30:15.506 | DEBUG    | llmcompressor.core.lifecycle:event:191 - Handling event: EventType.SEQUENTIAL_EPOCH_END
2026-07-30 11:30:15.507 | INFO     | llmcompressor.modifiers.quantization.gptq.base:compress_modules:260 - Quantizing model.layers.23.self_attn.q_proj using 256 samples
2026-07-30 11:30:16.145 | METRIC   | llmcompressor.utils.metric_logging:compress:127 - time 0.64s
2026-07-30 11:30:16.146 | METRIC   | llmcompressor.utils.metric_logging:compress:129 - error 349496.59
2026-07-30 11:30:16.148 | METRIC   | llmcompressor.utils.metric_logging:compress:136 - GPU 0 | usage: 13.39% | total memory: 16 GB
2026-07-30 11:30:16.149 | METRIC   | llmcompressor.utils.metric_logging:compress:145 - Compressed module size: 4.243456 MB
2026-07-30 11:30:16.150 | INFO     | llmcompressor.modifiers.quantization.gptq.base:compress_modules:260 - Quantizing model.layers.23.self_attn.k_proj using 256 samples
2026-07-30 11:30:16.761 | METRIC   | llmcompressor.utils.metric_logging:compress:127 - time 0.61s
2026-07-30 11:30:16.763 | METRIC   | llmcompressor.utils.metric_logging:compress:129 - error 147993.66
2026-07-30 11:30:16.764 | METRIC   | llmcompressor.utils.metric_logging:compress:136 - GPU 0 | usage: 13.39% | total memory: 16 GB
2026-07-30 11:30:16.764 | METRIC   | llmcompressor.utils.metric_logging:compress:145 - Compressed module size: 2.121728 MB
2026-07-30 11:30:16.766 | INFO     | llmcompressor.modifiers.quantization.gptq.base:compress_modules:260 - Quantizing model.layers.23.self_attn.v_proj using 256 samples
2026-07-30 11:30:17.379 | METRIC   | llmcompressor.utils.metric_logging:compress:127 - time 0.61s
2026-07-30 11:30:17.380 | METRIC   | llmcompressor.utils.metric_logging:compress:129 - error 158480.56
2026-07-30 11:30:17.381 | METRIC   | llmcompressor.utils.metric_logging:compress:136 - GPU 0 | usage: 13.39% | total memory: 16 GB
2026-07-30 11:30:17.382 | METRIC   | llmcompressor.utils.metric_logging:compress:145 - Compressed module size: 2.121728 MB
2026-07-30 11:30:17.383 | INFO     | llmcompressor.modifiers.quantization.gptq.base:compress_modules:260 - Quantizing model.layers.23.self_attn.o_proj using 256 samples
2026-07-30 11:30:18.694 | METRIC   | llmcompressor.utils.metric_logging:compress:127 - time 1.31s
2026-07-30 11:30:18.695 | METRIC   | llmcompressor.utils.metric_logging:compress:129 - error 1596.21
2026-07-30 11:30:18.696 | METRIC   | llmcompressor.utils.metric_logging:compress:136 - GPU 0 | usage: 13.39% | total memory: 16 GB
2026-07-30 11:30:18.698 | METRIC   | llmcompressor.utils.metric_logging:compress:145 - Compressed module size: 4.243456 MB
2026-07-30 11:30:18.699 | INFO     | llmcompressor.modifiers.quantization.gptq.base:compress_modules:260 - Quantizing model.layers.23.mlp.gate_proj using 256 samples
2026-07-30 11:30:19.330 | METRIC   | llmcompressor.utils.metric_logging:compress:127 - time 0.63s
2026-07-30 11:30:19.331 | METRIC   | llmcompressor.utils.metric_logging:compress:129 - error 25231.84
2026-07-30 11:30:19.332 | METRIC   | llmcompressor.utils.metric_logging:compress:136 - GPU 0 | usage: 13.39% | total memory: 16 GB
2026-07-30 11:30:19.333 | METRIC   | llmcompressor.utils.metric_logging:compress:145 - Compressed module size: 6.365184 MB
2026-07-30 11:30:19.335 | INFO     | llmcompressor.modifiers.quantization.gptq.base:compress_modules:260 - Quantizing model.layers.23.mlp.up_proj using 256 samples
2026-07-30 11:30:19.962 | METRIC   | llmcompressor.utils.metric_logging:compress:127 - time 0.63s
2026-07-30 11:30:19.963 | METRIC   | llmcompressor.utils.metric_logging:compress:129 - error 33568.94
2026-07-30 11:30:19.964 | METRIC   | llmcompressor.utils.metric_logging:compress:136 - GPU 0 | usage: 13.39% | total memory: 16 GB
2026-07-30 11:30:19.965 | METRIC   | llmcompressor.utils.metric_logging:compress:145 - Compressed module size: 6.365184 MB
2026-07-30 11:30:19.967 | INFO     | llmcompressor.modifiers.quantization.gptq.base:compress_modules:260 - Quantizing model.layers.23.mlp.down_proj using 256 samples
2026-07-30 11:30:21.859 | METRIC   | llmcompressor.utils.metric_logging:compress:127 - time 1.89s
2026-07-30 11:30:21.860 | METRIC   | llmcompressor.utils.metric_logging:compress:129 - error 13616.59
2026-07-30 11:30:21.861 | METRIC   | llmcompressor.utils.metric_logging:compress:136 - GPU 0 | usage: 13.39% | total memory: 16 GB
2026-07-30 11:30:21.862 | METRIC   | llmcompressor.utils.metric_logging:compress:145 - Compressed module size: 6.365184 MB
2026-07-30 11:30:21.864 | DEBUG    | llmcompressor.core.lifecycle:event:201 - Updated event with modifier: modifiers=[GPTQModifier(config_groups=None, targets=['Linear'], ignore=['lm_head'], scheme='W4A16', kv_cache_scheme=None, index=0, group='default', start=None, end=None, update=None, initialized_=True, finalized_=False, started_=True, ended_=False, sequential_update=True, sequential_targets=None, block_size=128, dampening_frac=0.01, actorder=None, offload_hessians=False)] index=0 group='GPTQModifier' applied=False
2026-07-30 11:30:35.791 | DEBUG    | llmcompressor.core.lifecycle:event:191 - Handling event: EventType.SEQUENTIAL_EPOCH_END
2026-07-30 11:30:35.792 | INFO     | llmcompressor.modifiers.quantization.gptq.base:compress_modules:260 - Quantizing model.layers.24.self_attn.q_proj using 256 samples
2026-07-30 11:30:36.507 | METRIC   | llmcompressor.utils.metric_logging:compress:127 - time 0.71s
2026-07-30 11:30:36.509 | METRIC   | llmcompressor.utils.metric_logging:compress:129 - error 658994.69
2026-07-30 11:30:36.510 | METRIC   | llmcompressor.utils.metric_logging:compress:136 - GPU 0 | usage: 13.39% | total memory: 16 GB
2026-07-30 11:30:36.511 | METRIC   | llmcompressor.utils.metric_logging:compress:145 - Compressed module size: 4.243456 MB
2026-07-30 11:30:36.512 | INFO     | llmcompressor.modifiers.quantization.gptq.base:compress_modules:260 - Quantizing model.layers.24.self_attn.k_proj using 256 samples
2026-07-30 11:30:37.244 | METRIC   | llmcompressor.utils.metric_logging:compress:127 - time 0.73s
2026-07-30 11:30:37.245 | METRIC   | llmcompressor.utils.metric_logging:compress:129 - error 230849.84
2026-07-30 11:30:37.246 | METRIC   | llmcompressor.utils.metric_logging:compress:136 - GPU 0 | usage: 13.39% | total memory: 16 GB
2026-07-30 11:30:37.247 | METRIC   | llmcompressor.utils.metric_logging:compress:145 - Compressed module size: 2.121728 MB
2026-07-30 11:30:37.249 | INFO     | llmcompressor.modifiers.quantization.gptq.base:compress_modules:260 - Quantizing model.layers.24.self_attn.v_proj using 256 samples
2026-07-30 11:30:37.909 | METRIC   | llmcompressor.utils.metric_logging:compress:127 - time 0.66s
2026-07-30 11:30:37.910 | METRIC   | llmcompressor.utils.metric_logging:compress:129 - error 236219.25
2026-07-30 11:30:37.911 | METRIC   | llmcompressor.utils.metric_logging:compress:136 - GPU 0 | usage: 13.39% | total memory: 16 GB
2026-07-30 11:30:37.912 | METRIC   | llmcompressor.utils.metric_logging:compress:145 - Compressed module size: 2.121728 MB
2026-07-30 11:30:37.914 | INFO     | llmcompressor.modifiers.quantization.gptq.base:compress_modules:260 - Quantizing model.layers.24.self_attn.o_proj using 256 samples
2026-07-30 11:30:39.347 | METRIC   | llmcompressor.utils.metric_logging:compress:127 - time 1.43s
2026-07-30 11:30:39.348 | METRIC   | llmcompressor.utils.metric_logging:compress:129 - error 2301.66
2026-07-30 11:30:39.350 | METRIC   | llmcompressor.utils.metric_logging:compress:136 - GPU 0 | usage: 13.39% | total memory: 16 GB
2026-07-30 11:30:39.351 | METRIC   | llmcompressor.utils.metric_logging:compress:145 - Compressed module size: 4.243456 MB
2026-07-30 11:30:39.352 | INFO     | llmcompressor.modifiers.quantization.gptq.base:compress_modules:260 - Quantizing model.layers.24.mlp.gate_proj using 256 samples
2026-07-30 11:30:40.021 | METRIC   | llmcompressor.utils.metric_logging:compress:127 - time 0.67s
2026-07-30 11:30:40.022 | METRIC   | llmcompressor.utils.metric_logging:compress:129 - error 21305.12
2026-07-30 11:30:40.024 | METRIC   | llmcompressor.utils.metric_logging:compress:136 - GPU 0 | usage: 13.39% | total memory: 16 GB
2026-07-30 11:30:40.026 | METRIC   | llmcompressor.utils.metric_logging:compress:145 - Compressed module size: 6.365184 MB
2026-07-30 11:30:40.028 | INFO     | llmcompressor.modifiers.quantization.gptq.base:compress_modules:260 - Quantizing model.layers.24.mlp.up_proj using 256 samples
2026-07-30 11:30:40.753 | METRIC   | llmcompressor.utils.metric_logging:compress:127 - time 0.72s
2026-07-30 11:30:40.754 | METRIC   | llmcompressor.utils.metric_logging:compress:129 - error 29586.98
2026-07-30 11:30:40.756 | METRIC   | llmcompressor.utils.metric_logging:compress:136 - GPU 0 | usage: 13.39% | total memory: 16 GB
2026-07-30 11:30:40.757 | METRIC   | llmcompressor.utils.metric_logging:compress:145 - Compressed module size: 6.365184 MB
2026-07-30 11:30:40.758 | INFO     | llmcompressor.modifiers.quantization.gptq.base:compress_modules:260 - Quantizing model.layers.24.mlp.down_proj using 256 samples
2026-07-30 11:30:42.682 | METRIC   | llmcompressor.utils.metric_logging:compress:127 - time 1.92s
2026-07-30 11:30:42.684 | METRIC   | llmcompressor.utils.metric_logging:compress:129 - error 13280.92
2026-07-30 11:30:42.685 | METRIC   | llmcompressor.utils.metric_logging:compress:136 - GPU 0 | usage: 13.39% | total memory: 16 GB
2026-07-30 11:30:42.686 | METRIC   | llmcompressor.utils.metric_logging:compress:145 - Compressed module size: 6.365184 MB
2026-07-30 11:30:42.687 | DEBUG    | llmcompressor.core.lifecycle:event:201 - Updated event with modifier: modifiers=[GPTQModifier(config_groups=None, targets=['Linear'], ignore=['lm_head'], scheme='W4A16', kv_cache_scheme=None, index=0, group='default', start=None, end=None, update=None, initialized_=True, finalized_=False, started_=True, ended_=False, sequential_update=True, sequential_targets=None, block_size=128, dampening_frac=0.01, actorder=None, offload_hessians=False)] index=0 group='GPTQModifier' applied=False
2026-07-30 11:30:56.423 | DEBUG    | llmcompressor.core.lifecycle:event:191 - Handling event: EventType.SEQUENTIAL_EPOCH_END
2026-07-30 11:30:56.423 | INFO     | llmcompressor.modifiers.quantization.gptq.base:compress_modules:260 - Quantizing model.layers.25.self_attn.q_proj using 256 samples
2026-07-30 11:30:57.062 | METRIC   | llmcompressor.utils.metric_logging:compress:127 - time 0.64s
2026-07-30 11:30:57.063 | METRIC   | llmcompressor.utils.metric_logging:compress:129 - error 797538.94
2026-07-30 11:30:57.065 | METRIC   | llmcompressor.utils.metric_logging:compress:136 - GPU 0 | usage: 13.39% | total memory: 16 GB
2026-07-30 11:30:57.066 | METRIC   | llmcompressor.utils.metric_logging:compress:145 - Compressed module size: 4.243456 MB
2026-07-30 11:30:57.067 | INFO     | llmcompressor.modifiers.quantization.gptq.base:compress_modules:260 - Quantizing model.layers.25.self_attn.k_proj using 256 samples
2026-07-30 11:30:57.702 | METRIC   | llmcompressor.utils.metric_logging:compress:127 - time 0.63s
2026-07-30 11:30:57.703 | METRIC   | llmcompressor.utils.metric_logging:compress:129 - error 247819.58
2026-07-30 11:30:57.705 | METRIC   | llmcompressor.utils.metric_logging:compress:136 - GPU 0 | usage: 13.39% | total memory: 16 GB
2026-07-30 11:30:57.706 | METRIC   | llmcompressor.utils.metric_logging:compress:145 - Compressed module size: 2.121728 MB
2026-07-30 11:30:57.707 | INFO     | llmcompressor.modifiers.quantization.gptq.base:compress_modules:260 - Quantizing model.layers.25.self_attn.v_proj using 256 samples
2026-07-30 11:30:58.433 | METRIC   | llmcompressor.utils.metric_logging:compress:127 - time 0.72s
2026-07-30 11:30:58.434 | METRIC   | llmcompressor.utils.metric_logging:compress:129 - error 342397.66
2026-07-30 11:30:58.436 | METRIC   | llmcompressor.utils.metric_logging:compress:136 - GPU 0 | usage: 13.39% | total memory: 16 GB
2026-07-30 11:30:58.437 | METRIC   | llmcompressor.utils.metric_logging:compress:145 - Compressed module size: 2.121728 MB
2026-07-30 11:30:58.439 | INFO     | llmcompressor.modifiers.quantization.gptq.base:compress_modules:260 - Quantizing model.layers.25.self_attn.o_proj using 256 samples
2026-07-30 11:30:59.781 | METRIC   | llmcompressor.utils.metric_logging:compress:127 - time 1.34s
2026-07-30 11:30:59.782 | METRIC   | llmcompressor.utils.metric_logging:compress:129 - error 3979.29
2026-07-30 11:30:59.783 | METRIC   | llmcompressor.utils.metric_logging:compress:136 - GPU 0 | usage: 13.39% | total memory: 16 GB
2026-07-30 11:30:59.784 | METRIC   | llmcompressor.utils.metric_logging:compress:145 - Compressed module size: 4.243456 MB
2026-07-30 11:30:59.786 | INFO     | llmcompressor.modifiers.quantization.gptq.base:compress_modules:260 - Quantizing model.layers.25.mlp.gate_proj using 256 samples
2026-07-30 11:31:00.448 | METRIC   | llmcompressor.utils.metric_logging:compress:127 - time 0.66s
2026-07-30 11:31:00.449 | METRIC   | llmcompressor.utils.metric_logging:compress:129 - error 17171.04
2026-07-30 11:31:00.450 | METRIC   | llmcompressor.utils.metric_logging:compress:136 - GPU 0 | usage: 13.39% | total memory: 16 GB
2026-07-30 11:31:00.451 | METRIC   | llmcompressor.utils.metric_logging:compress:145 - Compressed module size: 6.365184 MB
2026-07-30 11:31:00.453 | INFO     | llmcompressor.modifiers.quantization.gptq.base:compress_modules:260 - Quantizing model.layers.25.mlp.up_proj using 256 samples
2026-07-30 11:31:01.096 | METRIC   | llmcompressor.utils.metric_logging:compress:127 - time 0.64s
2026-07-30 11:31:01.097 | METRIC   | llmcompressor.utils.metric_logging:compress:129 - error 25085.69
2026-07-30 11:31:01.098 | METRIC   | llmcompressor.utils.metric_logging:compress:136 - GPU 0 | usage: 13.39% | total memory: 16 GB
2026-07-30 11:31:01.099 | METRIC   | llmcompressor.utils.metric_logging:compress:145 - Compressed module size: 6.365184 MB
2026-07-30 11:31:01.100 | INFO     | llmcompressor.modifiers.quantization.gptq.base:compress_modules:260 - Quantizing model.layers.25.mlp.down_proj using 256 samples
2026-07-30 11:31:03.148 | METRIC   | llmcompressor.utils.metric_logging:compress:127 - time 2.05s
2026-07-30 11:31:03.150 | METRIC   | llmcompressor.utils.metric_logging:compress:129 - error 14302.06
2026-07-30 11:31:03.152 | METRIC   | llmcompressor.utils.metric_logging:compress:136 - GPU 0 | usage: 13.39% | total memory: 16 GB
2026-07-30 11:31:03.152 | METRIC   | llmcompressor.utils.metric_logging:compress:145 - Compressed module size: 6.365184 MB
2026-07-30 11:31:03.154 | DEBUG    | llmcompressor.core.lifecycle:event:201 - Updated event with modifier: modifiers=[GPTQModifier(config_groups=None, targets=['Linear'], ignore=['lm_head'], scheme='W4A16', kv_cache_scheme=None, index=0, group='default', start=None, end=None, update=None, initialized_=True, finalized_=False, started_=True, ended_=False, sequential_update=True, sequential_targets=None, block_size=128, dampening_frac=0.01, actorder=None, offload_hessians=False)] index=0 group='GPTQModifier' applied=False
2026-07-30 11:31:16.859 | DEBUG    | llmcompressor.core.lifecycle:event:191 - Handling event: EventType.SEQUENTIAL_EPOCH_END
2026-07-30 11:31:16.860 | INFO     | llmcompressor.modifiers.quantization.gptq.base:compress_modules:260 - Quantizing model.layers.26.self_attn.q_proj using 256 samples
2026-07-30 11:31:17.518 | METRIC   | llmcompressor.utils.metric_logging:compress:127 - time 0.66s
2026-07-30 11:31:17.519 | METRIC   | llmcompressor.utils.metric_logging:compress:129 - error 829387.12
2026-07-30 11:31:17.520 | METRIC   | llmcompressor.utils.metric_logging:compress:136 - GPU 0 | usage: 13.39% | total memory: 16 GB
2026-07-30 11:31:17.521 | METRIC   | llmcompressor.utils.metric_logging:compress:145 - Compressed module size: 4.243456 MB
2026-07-30 11:31:17.523 | INFO     | llmcompressor.modifiers.quantization.gptq.base:compress_modules:260 - Quantizing model.layers.26.self_attn.k_proj using 256 samples
2026-07-30 11:31:18.189 | METRIC   | llmcompressor.utils.metric_logging:compress:127 - time 0.67s
2026-07-30 11:31:18.190 | METRIC   | llmcompressor.utils.metric_logging:compress:129 - error 217905.53
2026-07-30 11:31:18.192 | METRIC   | llmcompressor.utils.metric_logging:compress:136 - GPU 0 | usage: 13.39% | total memory: 16 GB
2026-07-30 11:31:18.193 | METRIC   | llmcompressor.utils.metric_logging:compress:145 - Compressed module size: 2.121728 MB
2026-07-30 11:31:18.194 | INFO     | llmcompressor.modifiers.quantization.gptq.base:compress_modules:260 - Quantizing model.layers.26.self_attn.v_proj using 256 samples
2026-07-30 11:31:18.891 | METRIC   | llmcompressor.utils.metric_logging:compress:127 - time 0.70s
2026-07-30 11:31:18.892 | METRIC   | llmcompressor.utils.metric_logging:compress:129 - error 291367.00
2026-07-30 11:31:18.894 | METRIC   | llmcompressor.utils.metric_logging:compress:136 - GPU 0 | usage: 13.39% | total memory: 16 GB
2026-07-30 11:31:18.895 | METRIC   | llmcompressor.utils.metric_logging:compress:145 - Compressed module size: 2.121728 MB
2026-07-30 11:31:18.896 | INFO     | llmcompressor.modifiers.quantization.gptq.base:compress_modules:260 - Quantizing model.layers.26.self_attn.o_proj using 256 samples
2026-07-30 11:31:20.210 | METRIC   | llmcompressor.utils.metric_logging:compress:127 - time 1.31s
2026-07-30 11:31:20.211 | METRIC   | llmcompressor.utils.metric_logging:compress:129 - error 6522.16
2026-07-30 11:31:20.212 | METRIC   | llmcompressor.utils.metric_logging:compress:136 - GPU 0 | usage: 13.39% | total memory: 16 GB
2026-07-30 11:31:20.213 | METRIC   | llmcompressor.utils.metric_logging:compress:145 - Compressed module size: 4.243456 MB
2026-07-30 11:31:20.214 | INFO     | llmcompressor.modifiers.quantization.gptq.base:compress_modules:260 - Quantizing model.layers.26.mlp.gate_proj using 256 samples
2026-07-30 11:31:20.945 | METRIC   | llmcompressor.utils.metric_logging:compress:127 - time 0.73s
2026-07-30 11:31:20.946 | METRIC   | llmcompressor.utils.metric_logging:compress:129 - error 20746.66
2026-07-30 11:31:20.947 | METRIC   | llmcompressor.utils.metric_logging:compress:136 - GPU 0 | usage: 13.39% | total memory: 16 GB
2026-07-30 11:31:20.949 | METRIC   | llmcompressor.utils.metric_logging:compress:145 - Compressed module size: 6.365184 MB
2026-07-30 11:31:20.950 | INFO     | llmcompressor.modifiers.quantization.gptq.base:compress_modules:260 - Quantizing model.layers.26.mlp.up_proj using 256 samples
2026-07-30 11:31:21.573 | METRIC   | llmcompressor.utils.metric_logging:compress:127 - time 0.62s
2026-07-30 11:31:21.574 | METRIC   | llmcompressor.utils.metric_logging:compress:129 - error 29651.80
2026-07-30 11:31:21.576 | METRIC   | llmcompressor.utils.metric_logging:compress:136 - GPU 0 | usage: 13.39% | total memory: 16 GB
2026-07-30 11:31:21.577 | METRIC   | llmcompressor.utils.metric_logging:compress:145 - Compressed module size: 6.365184 MB
2026-07-30 11:31:21.578 | INFO     | llmcompressor.modifiers.quantization.gptq.base:compress_modules:260 - Quantizing model.layers.26.mlp.down_proj using 256 samples
2026-07-30 11:31:23.613 | METRIC   | llmcompressor.utils.metric_logging:compress:127 - time 2.03s
2026-07-30 11:31:23.615 | METRIC   | llmcompressor.utils.metric_logging:compress:129 - error 285237.81
2026-07-30 11:31:23.616 | METRIC   | llmcompressor.utils.metric_logging:compress:136 - GPU 0 | usage: 13.39% | total memory: 16 GB
2026-07-30 11:31:23.617 | METRIC   | llmcompressor.utils.metric_logging:compress:145 - Compressed module size: 6.365184 MB
2026-07-30 11:31:23.618 | DEBUG    | llmcompressor.core.lifecycle:event:201 - Updated event with modifier: modifiers=[GPTQModifier(config_groups=None, targets=['Linear'], ignore=['lm_head'], scheme='W4A16', kv_cache_scheme=None, index=0, group='default', start=None, end=None, update=None, initialized_=True, finalized_=False, started_=True, ended_=False, sequential_update=True, sequential_targets=None, block_size=128, dampening_frac=0.01, actorder=None, offload_hessians=False)] index=0 group='GPTQModifier' applied=False
2026-07-30 11:31:37.341 | DEBUG    | llmcompressor.core.lifecycle:event:191 - Handling event: EventType.SEQUENTIAL_EPOCH_END
2026-07-30 11:31:37.341 | INFO     | llmcompressor.modifiers.quantization.gptq.base:compress_modules:260 - Quantizing model.layers.27.self_attn.q_proj using 256 samples
2026-07-30 11:31:38.081 | METRIC   | llmcompressor.utils.metric_logging:compress:127 - time 0.74s
2026-07-30 11:31:38.082 | METRIC   | llmcompressor.utils.metric_logging:compress:129 - error 373690.12
2026-07-30 11:31:38.084 | METRIC   | llmcompressor.utils.metric_logging:compress:136 - GPU 0 | usage: 13.39% | total memory: 16 GB
2026-07-30 11:31:38.085 | METRIC   | llmcompressor.utils.metric_logging:compress:145 - Compressed module size: 4.243456 MB
2026-07-30 11:31:38.087 | INFO     | llmcompressor.modifiers.quantization.gptq.base:compress_modules:260 - Quantizing model.layers.27.self_attn.k_proj using 256 samples
2026-07-30 11:31:38.692 | METRIC   | llmcompressor.utils.metric_logging:compress:127 - time 0.60s
2026-07-30 11:31:38.693 | METRIC   | llmcompressor.utils.metric_logging:compress:129 - error 179236.97
2026-07-30 11:31:38.694 | METRIC   | llmcompressor.utils.metric_logging:compress:136 - GPU 0 | usage: 13.39% | total memory: 16 GB
2026-07-30 11:31:38.695 | METRIC   | llmcompressor.utils.metric_logging:compress:145 - Compressed module size: 2.121728 MB
2026-07-30 11:31:38.696 | INFO     | llmcompressor.modifiers.quantization.gptq.base:compress_modules:260 - Quantizing model.layers.27.self_attn.v_proj using 256 samples
2026-07-30 11:31:39.429 | METRIC   | llmcompressor.utils.metric_logging:compress:127 - time 0.73s
2026-07-30 11:31:39.431 | METRIC   | llmcompressor.utils.metric_logging:compress:129 - error 199757.00
2026-07-30 11:31:39.432 | METRIC   | llmcompressor.utils.metric_logging:compress:136 - GPU 0 | usage: 13.39% | total memory: 16 GB
2026-07-30 11:31:39.433 | METRIC   | llmcompressor.utils.metric_logging:compress:145 - Compressed module size: 2.121728 MB
2026-07-30 11:31:39.434 | INFO     | llmcompressor.modifiers.quantization.gptq.base:compress_modules:260 - Quantizing model.layers.27.self_attn.o_proj using 256 samples
2026-07-30 11:31:40.730 | METRIC   | llmcompressor.utils.metric_logging:compress:127 - time 1.29s
2026-07-30 11:31:40.731 | METRIC   | llmcompressor.utils.metric_logging:compress:129 - error 4184.72
2026-07-30 11:31:40.732 | METRIC   | llmcompressor.utils.metric_logging:compress:136 - GPU 0 | usage: 13.39% | total memory: 16 GB
2026-07-30 11:31:40.734 | METRIC   | llmcompressor.utils.metric_logging:compress:145 - Compressed module size: 4.243456 MB
2026-07-30 11:31:40.735 | INFO     | llmcompressor.modifiers.quantization.gptq.base:compress_modules:260 - Quantizing model.layers.27.mlp.gate_proj using 256 samples
2026-07-30 11:31:41.376 | METRIC   | llmcompressor.utils.metric_logging:compress:127 - time 0.64s
2026-07-30 11:31:41.377 | METRIC   | llmcompressor.utils.metric_logging:compress:129 - error 833790.38
2026-07-30 11:31:41.378 | METRIC   | llmcompressor.utils.metric_logging:compress:136 - GPU 0 | usage: 13.39% | total memory: 16 GB
2026-07-30 11:31:41.379 | METRIC   | llmcompressor.utils.metric_logging:compress:145 - Compressed module size: 6.365184 MB
2026-07-30 11:31:41.381 | INFO     | llmcompressor.modifiers.quantization.gptq.base:compress_modules:260 - Quantizing model.layers.27.mlp.up_proj using 256 samples
2026-07-30 11:31:42.000 | METRIC   | llmcompressor.utils.metric_logging:compress:127 - time 0.62s
2026-07-30 11:31:42.002 | METRIC   | llmcompressor.utils.metric_logging:compress:129 - error 835989.25
2026-07-30 11:31:42.004 | METRIC   | llmcompressor.utils.metric_logging:compress:136 - GPU 0 | usage: 13.39% | total memory: 16 GB
2026-07-30 11:31:42.005 | METRIC   | llmcompressor.utils.metric_logging:compress:145 - Compressed module size: 6.365184 MB
2026-07-30 11:31:42.006 | INFO     | llmcompressor.modifiers.quantization.gptq.base:compress_modules:260 - Quantizing model.layers.27.mlp.down_proj using 256 samples
2026-07-30 11:31:44.090 | METRIC   | llmcompressor.utils.metric_logging:compress:127 - time 2.08s
2026-07-30 11:31:44.091 | METRIC   | llmcompressor.utils.metric_logging:compress:129 - error 3063723.00
2026-07-30 11:31:44.092 | METRIC   | llmcompressor.utils.metric_logging:compress:136 - GPU 0 | usage: 13.39% | total memory: 16 GB
2026-07-30 11:31:44.094 | METRIC   | llmcompressor.utils.metric_logging:compress:145 - Compressed module size: 6.365184 MB
2026-07-30 11:31:44.095 | DEBUG    | llmcompressor.core.lifecycle:event:201 - Updated event with modifier: modifiers=[GPTQModifier(config_groups=None, targets=['Linear'], ignore=['lm_head'], scheme='W4A16', kv_cache_scheme=None, index=0, group='default', start=None, end=None, update=None, initialized_=True, finalized_=False, started_=True, ended_=False, sequential_update=True, sequential_targets=None, block_size=128, dampening_frac=0.01, actorder=None, offload_hessians=False)] index=0 group='GPTQModifier' applied=False
2026-07-30 11:32:25.319 | DEBUG    | llmcompressor.core.lifecycle:event:191 - Handling event: EventType.SEQUENTIAL_EPOCH_END
2026-07-30 11:32:25.320 | DEBUG    | llmcompressor.core.lifecycle:event:201 - Updated event with modifier: modifiers=[GPTQModifier(config_groups=None, targets=['Linear'], ignore=['lm_head'], scheme='W4A16', kv_cache_scheme=None, index=0, group='default', start=None, end=None, update=None, initialized_=True, finalized_=False, started_=True, ended_=False, sequential_update=True, sequential_targets=None, block_size=128, dampening_frac=0.01, actorder=None, offload_hessians=False)] index=0 group='GPTQModifier' applied=False
2026-07-30 11:33:01.913 | DEBUG    | llmcompressor.core.lifecycle:event:191 - Handling event: EventType.CALIBRATION_EPOCH_END
2026-07-30 11:33:01.919 | DEBUG    | llmcompressor.core.lifecycle:event:201 - Updated event with modifier: modifiers=[GPTQModifier(config_groups=None, targets=['Linear'], ignore=['lm_head'], scheme='W4A16', kv_cache_scheme=None, index=0, group='default', start=None, end=None, update=None, initialized_=True, finalized_=False, started_=True, ended_=True, sequential_update=True, sequential_targets=None, block_size=128, dampening_frac=0.01, actorder=None, offload_hessians=False)] index=0 group='GPTQModifier' applied=False
2026-07-30 11:33:01.922 | DEBUG    | llmcompressor.core.lifecycle:finalize:131 - Finalizing compression lifecycle
2026-07-30 11:33:01.922 | DEBUG    | llmcompressor.core.lifecycle:finalize:135 - Finalized modifier: modifiers=[GPTQModifier(config_groups=None, targets=['Linear'], ignore=['lm_head'], scheme='W4A16', kv_cache_scheme=None, index=0, group='default', start=None, end=None, update=None, initialized_=True, finalized_=True, started_=True, ended_=True, sequential_update=True, sequential_targets=None, block_size=128, dampening_frac=0.01, actorder=None, offload_hessians=False)] index=0 group='default' applied=True
2026-07-30 11:33:01.923 | INFO     | llmcompressor.core.lifecycle:finalize:141 - Compression lifecycle finalized for 1 modifiers
2026-07-30 11:33:02.494 | INFO     | llmcompressor.transformers.sparsification.compressed_tensors_utils:get_model_compressor:217 - skip_sparsity_compression_stats set to True. Skipping sparsity compression statistic calculations. No sparsity compressor will be applied.
2026-07-30 11:33:08.443 | DEBUG    | llmcompressor.transformers.utils.helpers:recipe_from_huggingface_model_id:146 - Unable to find recipe recipe.yaml for model ID: Qwen/Qwen3-0.6B: 404 Client Error. (Request ID: Root=1-6a6b3674-015fba912dbf72e848effe41;3f290508-66db-432d-8a33-07bb3f50f60b)

Entry Not Found for url: https://huggingface.co/Qwen/Qwen3-0.6B/resolve/main/recipe.yaml..Skipping recipe resolution.
2026-07-30 11:33:08.444 | DEBUG    | llmcompressor.transformers.utils.helpers:infer_recipe_from_model_path:112 - Failed to infer the recipe from the model_path
